ID,collection_date,longitude,latitude
1,2024-01-27,4008410.89878671,2955560.8661246
2,2024-01-22,4006393.46577551,2954508.89966757
3,2024-02-19,4005297.11129987,2955431.86571236
4,2024-02-18,4004979.43277889,2957093.80129016
5,2024-02-19,4005029.97774359,2955183.87322808
6,2024-02-21,4003656.15628388,2952440.06144217
7,2024-02-21,4004973.34769511,2952968.52369996
8,2024-03-17,4009583.26863354,2957322.89636613
9,2024-03-15,4003544.21525933,2953022.8161915
10,2024-03-25,4005609.65914281,2953740.08797821
11,2024-03-18,4004612.4953892,2953755.35087347
12,2024-04-03,4005638.95210115,2957446.8037265
13,2024-04-06,4000106.93196522,2955999.47473408
14,2024-04-07,4005472.30771648,2957948.50755084
15,2024-04-03,4013697.52174767,2956779.5699015
16,2024-04-11,4007672.05416063,2955915.53057955
17,2024-04-13,4007173.00186156,2958332.60959431
18,2024-04-23,4004725.36997874,2956220.03317101
19,2024-04-29,4013916.6628434,2961392.24000444
20,2024-04-15,4010194.79696617,2955871.84795303
21,2024-05-02,4005524.20969659,2953575.33499045
22,2024-05-02,4006341.49048865,2960112.38675613
23,2024-05-02,4007547.86209732,2956302.18305185
24,2024-05-05,4006769.04535485,2957076.02258768
25,2024-05-08,4010954.82526247,2958341.35914005
26,2024-05-15,4014554.9728069,2959974.75383435
27,2024-05-12,4007189.33838066,2958228.5601425
28,2024-05-24,3994749.70066712,2954624.93154512
29,2024-05-21,4001583.09955439,2953597.7777627
30,2024-05-13,4007585.44267222,2954279.15181139
31,2024-05-26,4005305.81330223,2957456.44017938
32,2024-05-23,4010419.5538991,2966752.6768507
33,2024-05-31,4003145.17883275,2953946.72230603
34,2024-05-31,4011015.93827105,2957970.16944449
35,2024-06-05,4003896.07261426,2954117.3683194
36,2024-06-01,4005853.4879935,2952552.18900078
37,2024-05-31,4009491.69183165,2955963.81467735
38,2024-05-27,4004735.09214281,2959229.89129541
39,2024-06-03,4003543.71049419,2953586.59016448
40,2024-06-04,4004530.71732912,2952705.93262147
41,2024-06-06,4013021.97645037,2958819.04576149
42,2024-06-08,4003206.81294489,2955886.0264864
43,2024-06-10,4013298.36231266,2958213.06228605
44,2024-06-11,4010828.47814987,2958817.98175521
45,2024-06-12,3997718.94386812,2957938.78325373
46,2024-06-15,4003057.33861946,2949316.16717866
47,2024-06-21,4000475.71397336,2953065.50692528
48,2024-06-19,4004438.50482046,2954717.74790465
49,2024-06-18,4016248.04487804,2960519.00551818
50,2024-06-13,4027706.7034585,2962241.38553734
51,2024-06-20,4016714.18029615,2958496.65762438
52,2024-06-24,4012301.91255108,2958276.43299656
53,2024-06-09,4006901.81479838,2955549.18128256
54,2024-06-19,4013977.51122344,2960534.71013947
55,2024-06-08,4004365.85784969,2954833.534308
56,2024-06-19,4005298.46434955,2953310.1982398
57,2024-06-29,3999311.15787554,2957873.50392813
58,2024-06-20,3995285.14371948,2955495.95851862
59,2024-06-15,4006857.18738011,2955819.99600257
60,2024-06-09,4004769.31923536,2953383.55997652
61,2024-06-25,4023168.5997295,2962560.89507671
62,2024-06-29,4003062.83177443,2954825.47029139
63,2024-06-29,4016283.88146538,2960544.34304958
64,2024-06-19,4003702.58683237,2947332.28419808
65,2024-06-20,4003686.69259314,2953785.30264223
66,2024-06-29,4016598.41797528,2959740.00614901
67,2024-07-01,4010933.98904038,2958712.96821094
68,2024-06-12,4008436.519671,2953342.71930037
69,2024-07-01,4003195.99220402,2960656.29958777
70,2024-07-01,4001961.10478368,2957988.66627915
71,2024-07-03,3990416.77776053,2957309.83963322
72,2024-07-02,4003099.08126481,2953862.16760976
73,2024-06-21,4008341.39751495,2957099.6511217
74,2024-07-05,4007580.41702063,2955650.15563713
75,2024-07-10,4004643.35615017,2959582.02325672
76,2024-06-22,4013495.55415229,2959759.35978237
77,2024-06-24,4013217.50543566,2961216.97134003
78,2024-07-13,4003292.36484456,2955408.45811035
79,2024-07-11,4012518.76874155,2959613.57336447
80,2024-07-09,4011132.87687483,2958023.44243597
81,2024-06-21,4003668.6408153,2955999.11352531
82,2024-07-12,4032701.80247653,2960865.67880838
83,2024-07-13,4004113.00466814,2958961.4033224
84,2024-07-11,4005863.82697574,2954565.81714159
85,2024-06-28,4005082.36988167,2954953.49382982
86,2024-07-14,4011410.49253721,2959455.50572138
87,2024-07-13,4014569.78919878,2958306.97860208
88,2024-06-28,4001877.82240411,2957859.59300317
89,2024-07-18,4005426.8609532,2956899.11343291
90,2024-07-12,4002312.23011863,2954219.79322894
91,2024-07-16,4013986.47714445,2960046.41692397
92,2024-07-15,4000907.77078711,2954807.22333119
93,2024-07-06,3997464.18194088,2951797.11828875
94,2024-07-14,4023996.22940329,2962695.37653125
95,2024-07-14,4005127.96164783,2956337.7363249
96,2024-07-10,4009727.85918882,2951089.4381431
97,2024-06-30,4001044.40310135,2956035.76445534
98,2024-07-10,4010148.57299293,2956526.01921919
99,2024-07-16,4016396.96577721,2958087.37405376
100,2024-07-20,4009440.7316356,2965626.17865209
101,2024-07-19,4010559.34802681,2959294.2391706
102,2024-07-21,3995321.56450531,2944067.93684093
103,2024-07-07,4011176.79753323,2957322.15081475
104,2024-07-12,4003983.35667122,2953217.19986168
105,2024-07-06,4005670.3102624,2955559.1279654
106,2024-07-24,3997771.09618653,2952634.8455527
107,2024-07-25,3989018.4174651,2957212.60746241
108,2024-07-06,4025667.74367483,2962870.7723738
109,2024-07-27,4009747.29483485,2958824.77867351
110,2024-07-19,4008800.34573571,2958158.90327469
111,2024-07-23,4010263.97625715,2958658.45104838
112,2024-07-11,4026612.7579211,2962146.93678917
113,2024-07-30,4006312.40477663,2954581.07188794
114,2024-07-25,4002867.11344727,2952418.5570793
115,2024-07-26,4009632.29788126,2959271.49271559
116,2024-07-26,4011272.89259345,2960441.86039363
117,2024-07-10,4000791.02868184,2963117.87518104
118,2024-07-10,4004191.62803682,2951464.84092499
119,2024-07-27,4014957.52438052,2959542.86455442
120,2024-07-28,4024450.81810922,2961939.16324597
121,2024-07-30,4011264.86779614,2958228.64030347
122,2024-08-01,4002323.71158776,2960028.1905918
123,2024-07-20,4009026.62080875,2955258.57820169
124,2024-07-28,4029121.91943815,2960958.69076258
125,2024-07-18,4015160.27954444,2959809.2412662
126,2024-08-02,4013826.32781861,2960978.64716584
127,2024-07-23,4005321.10803797,2958875.17614914
128,2024-07-25,4007357.96701128,2963880.1110403
129,2024-07-12,3998555.29103242,2954152.40497858
130,2024-07-30,4016578.59067626,2959700.70688645
131,2024-07-23,4007329.8749015,2968019.36864065
132,2024-07-18,4010002.31705184,2956719.97111161
133,2024-08-05,4000914.53523285,2953606.2996338
134,2024-08-06,4011850.48944501,2958737.76343726
135,2024-08-04,4011717.59099364,2956440.36944086
136,2024-07-18,4013059.45882719,2959723.63014291
137,2024-08-05,4010822.96909324,2959232.25716359
138,2024-08-10,4012079.99955912,2959486.90796873
139,2024-08-04,4022208.4089673,2961923.83860802
140,2024-08-03,3999716.81334464,2952602.47319336
141,2024-08-06,3994037.02188527,2955670.11636121
142,2024-07-31,4010910.1596746,2953080.86616717
143,2024-08-08,4005145.55272836,2953083.36096674
144,2024-07-17,4006065.01477019,2952781.43820649
145,2024-07-22,4007010.26304879,2957847.28678392
146,2024-08-09,4017763.0539334,2972317.7903458
147,2024-08-05,4016040.2778947,2960179.91364306
148,2024-08-02,3997828.99291552,2955349.40722348
149,2024-08-05,4010549.99120941,2958435.29945362
150,2024-08-09,4025731.21623346,2961792.19329894
151,2024-08-14,4009023.1642371,2955454.64286915
152,2024-08-08,3997737.27286125,2943775.53529606
153,2024-08-06,4001514.12471175,2955039.2188453
154,2024-08-06,4016530.80202,2959069.93445154
155,2024-08-08,4035814.86483746,2961673.799412
156,2024-08-14,4013209.88974162,2957440.9482601
157,2024-08-11,4015168.4625513,2970761.46622209
158,2024-08-03,3995065.65917353,2943862.47207847
159,2024-08-11,4013162.23667291,2955495.40372965
160,2024-08-09,4015154.90779963,2959933.96527339
161,2024-08-12,4012009.80924482,2955419.24187895
162,2024-07-26,4007468.95800058,2955266.68435759
163,2024-08-10,4009411.32294408,2954934.96879272
164,2024-08-09,4022220.99247614,2965841.13215074
165,2024-08-13,4004203.67079267,2954307.25234073
166,2024-08-09,4008946.72604746,2955811.37594007
167,2024-08-12,3996537.84314755,2944039.70776036
168,2024-07-31,3998387.9504321,2954959.01429647
169,2024-07-31,4010657.79369393,2959018.81263689
170,2024-08-12,4012057.24459789,2955979.44283296
171,2024-08-12,4005583.1611082,2954665.50468875
172,2024-08-17,4002166.05324963,2951820.63183459
173,2024-08-15,3993819.43277717,2949217.76329942
174,2024-08-10,4012543.75210754,2955838.93813023
175,2024-08-02,4009556.36329452,2957851.1950837
176,2024-07-29,4023445.84664218,2962458.43353686
177,2024-08-12,4015540.54722982,2958465.95167458
178,2024-07-25,4010221.54697555,2958061.82714262
179,2024-08-16,4014386.50860295,2958392.66105142
180,2024-08-16,4003460.67851278,2954990.77994142
181,2024-08-17,4008478.02105201,2971940.81709226
182,2024-08-15,4012841.18792844,2971486.55452416
183,2024-08-20,4007772.45961414,2956809.59642709
184,2024-08-18,4003331.19926789,2956347.54333032
185,2024-07-31,4009349.68384256,2960372.19934053
186,2024-08-19,4007575.76455676,2969702.81286797
187,2024-08-15,4008799.01727028,2957973.05695424
188,2024-08-10,4010097.33579746,2957519.56897233
189,2024-08-18,4024082.62429154,2964471.78986249
190,2024-08-21,4016947.66628993,2959944.90099592
191,2024-08-19,4012697.63736221,2952284.50348644
192,2024-08-20,4013709.13083518,2955034.91634446
193,2024-08-20,3991522.22203467,2940342.66004712
194,2024-08-04,4013556.25184825,2955329.89590355
195,2024-08-14,4013155.72291042,2956550.86573882
196,2024-08-24,4007658.89561173,2962696.85166453
197,2024-08-22,4017584.59503053,2976204.94457834
198,2024-08-16,4010824.59970382,2958015.27755411
199,2024-08-21,4013447.27756337,2960911.23698638
200,2024-08-24,4010430.75872448,2953158.70650886
201,2024-08-20,3998358.22306004,2956016.62626518
202,2024-08-22,4010522.91665716,2957075.55088208
203,2024-08-12,4029868.30936157,2960711.67411631
204,2024-08-24,4008403.10820766,2954379.82040658
205,2024-08-28,3991438.36216261,2947311.59993781
206,2024-08-08,4012248.16711822,2960778.53460851
207,2024-08-16,3995327.15180656,2953715.70833135
208,2024-08-18,3999833.84754619,2953410.83342092
209,2024-08-04,4012202.11714337,2956929.82382144
210,2024-08-25,4004292.42292847,2953045.39145941
211,2024-08-25,4005123.24364714,2954831.37768446
212,2024-08-18,4010929.35777966,2960860.66102979
213,2024-08-27,4013686.74554006,2960792.53301686
214,2024-08-23,3994987.465018,2954462.13768235
215,2024-08-26,4004836.39940995,2956823.21983416
216,2024-08-30,4007593.30858359,2956013.69558278
217,2024-08-24,4006111.22404053,2958370.5392431
218,2024-08-18,4007914.16758502,2950725.08728501
219,2024-08-29,4009381.70277073,2957326.2774795
220,2024-08-10,4014911.8227469,2956070.34868744
221,2024-08-25,4004858.75753056,2951833.34802089
222,2024-08-31,4022245.17931311,2963358.62711721
223,2024-08-14,4008913.70432223,2967598.10025304
224,2024-08-28,4009095.017499,2954377.91537981
225,2024-08-31,3997212.54878178,2954013.77633198
226,2024-08-31,4011054.06464953,2955663.57267987
227,2024-08-26,3994149.91561417,2957072.59403397
228,2024-08-28,4026988.87462904,2962424.16731627
229,2024-09-03,3998809.00798368,2956587.27927837
230,2024-08-12,4006584.92559492,2957416.470679
231,2024-09-01,4014417.27128819,2972582.93834914
232,2024-08-31,3993213.69971204,2940303.42915488
233,2024-09-02,4025519.14418414,2959390.25659904
234,2024-08-29,3999685.75994235,2945644.83830465
235,2024-08-10,4015655.22179182,2959220.86113749
236,2024-08-20,4034611.2852038,2962397.46296232
237,2024-08-15,4010783.38639983,2959187.16589314
238,2024-08-18,4011845.37493071,2960922.50918985
239,2024-09-02,4010364.84248592,2953023.3556291
240,2024-08-31,3994913.05838298,2952127.66354042
241,2024-09-01,4033309.05301464,2961315.23324231
242,2024-09-02,4002547.55050172,2954293.22521943
243,2024-09-02,3994192.95680975,2944006.6483861
244,2024-08-21,4015637.57249933,2973297.78024713
245,2024-09-02,4026780.75672324,2962807.56516972
246,2024-09-02,4001078.13023452,2953888.61466387
247,2024-09-03,4013427.75707526,2954581.63761851
248,2024-08-21,4011314.29140952,2964428.79967736
249,2024-08-18,4010888.29390411,2970023.25417689
250,2024-09-03,4005856.63004802,2951655.74934536
251,2024-08-30,4012611.96466573,2960726.87139022
252,2024-09-04,4011183.526514,2958040.6154619
253,2024-09-01,4025538.04440437,2959187.80555998
254,2024-08-24,3990523.02418419,2952230.49526806
255,2024-09-01,4009703.75671744,2969244.62247834
256,2024-09-09,4002062.02207316,2969069.63476149
257,2024-09-02,3999423.54004571,2953429.4822627
258,2024-09-03,3998094.00751371,2954303.15015072
259,2024-08-14,4007160.90100168,2956462.27300703
260,2024-09-04,4013534.44796653,2960586.3409947
261,2024-09-04,4009093.37161813,2956277.92426569
262,2024-09-07,4006783.65613965,2956357.52376054
263,2024-09-06,4006833.76915355,2969735.75981635
264,2024-09-06,4009942.99359028,2954276.50975337
265,2024-08-19,4012670.91963775,2953934.99109079
266,2024-09-11,3991130.07733686,2956993.34711861
267,2024-08-22,4008724.36984512,2959124.50130839
268,2024-09-07,3990861.57380862,2954892.06040725
269,2024-09-12,4013962.5161902,2975470.75316452
270,2024-09-10,4010296.80471954,2956357.34802598
271,2024-09-03,4001836.66750339,2955244.0030439
272,2024-09-09,4007137.72632763,2958299.15454927
273,2024-09-06,3993847.74151263,2956768.10581869
274,2024-09-07,4002006.7889233,2952285.14156418
275,2024-09-09,4002679.20056758,2955276.61274962
276,2024-09-09,3996905.61859918,2945975.3905836
277,2024-09-08,4005965.47827938,2956484.80928322
278,2024-09-08,4013196.0619622,2949894.76985175
279,2024-09-09,3997722.71860417,2957225.68611427
280,2024-09-12,4012238.85914894,2958388.93980996
281,2024-09-10,4010167.52366087,2973986.04435563
282,2024-09-14,4025257.84869116,2960261.81618389
283,2024-09-04,3995814.12331427,2957718.61321489
284,2024-09-03,3997202.47380415,2945614.81557378
285,2024-08-23,4012562.85309755,2962129.94736491
286,2024-09-08,4005786.07816228,2952649.47292891
287,2024-09-12,4006624.02127019,2954298.96871357
288,2024-08-26,3987536.59939136,2951594.28375437
289,2024-09-12,4009144.9645216,2951345.37309785
290,2024-09-13,4008319.57134249,2952336.14876216
291,2024-09-05,4008570.45498478,2951315.55294488
292,2024-08-26,4008586.19727239,2951030.07336673
293,2024-09-13,3995104.25144995,2953094.61238337
294,2024-09-13,3999947.04494329,2955060.65560223
295,2024-08-27,4035533.59127287,2959274.61653003
296,2024-09-16,4000182.44080982,2970147.60538247
297,2024-09-03,4015193.92317383,2969851.25686057
298,2024-09-04,4008988.04457856,2955196.047857
299,2024-09-06,4004853.95507543,2954308.27847252
300,2024-09-12,4011825.80793198,2959696.69564363
301,2024-08-26,4022384.74046045,2963860.26776825
302,2024-09-12,3996838.31827525,2945298.68192972
303,2024-09-16,4012018.96446936,2972301.47710621
304,2024-09-11,4006661.17785503,2958020.22243609
305,2024-09-15,4004532.62568206,2953996.52786095
306,2024-09-07,3993752.64877513,2956293.82468906
307,2024-09-20,4035352.0628326,2961692.45471431
308,2024-08-28,4011657.05634961,2972123.51735965
309,2024-09-19,3989960.54675055,2942797.97100636
310,2024-09-15,4004686.1229853,2963583.66704242
311,2024-09-05,3993082.47022169,2956817.02095876
312,2024-09-17,3995535.23615428,2954201.76362023
313,2024-09-19,3993574.07565349,2956481.33845259
314,2024-09-09,4037206.14993306,2961349.70794842
315,2024-09-08,4016467.66323893,2963480.93836627
316,2024-09-21,4026408.33422485,2959180.82980195
317,2024-08-30,4010679.27198032,2959957.0109315
318,2024-09-22,4006659.12361188,2952053.41834762
319,2024-09-20,4022134.2301137,2961563.20714046
320,2024-09-18,4001248.0682363,2953613.58456385
321,2024-09-19,4008627.76229342,2952716.44433541
322,2024-09-15,4007405.02446868,2958656.62786023
323,2024-09-19,4005055.71576315,2959183.87419678
324,2024-09-08,3997512.05602966,2958391.67600856
325,2024-09-15,4012638.33808674,2968995.91541858
326,2024-09-03,4011574.64674366,2975088.92636842
327,2024-09-24,4006808.31157386,2957011.06752618
328,2024-09-18,4012120.23021789,2959468.39558629
329,2024-09-18,3989760.68445417,2951326.66021436
330,2024-09-07,4008140.22892736,2955663.77118105
331,2024-08-30,3992438.49212631,2956435.57664542
332,2024-08-31,4012661.19507705,2959046.0066661
333,2024-09-21,4013990.97490038,2958839.40503529
334,2024-09-18,4010518.87058185,2952405.29389181
335,2024-09-23,4004830.76907811,2954202.88167526
336,2024-09-11,3998783.00422206,2958457.40237409
337,2024-09-20,3996863.85501378,2956035.81960129
338,2024-09-02,3991055.11474486,2958099.6944652
339,2024-09-23,3989252.2457613,2960578.56074243
340,2024-09-10,4010853.84728894,2967735.87596441
341,2024-09-18,4023961.5761127,2961757.05421191
342,2024-09-11,4013208.92428485,2955991.54365598
343,2024-09-21,4004783.04348558,2969790.47413977
344,2024-09-03,4009317.5117177,2951915.31704127
345,2024-09-23,3993008.25931035,2957240.19448376
346,2024-09-24,4011093.23818664,2958735.19364981
347,2024-09-06,4012932.10961263,2956881.75306557
348,2024-09-11,4003268.43560495,2955934.57296068
349,2024-09-26,4011410.83491509,2956112.93153961
350,2024-09-23,4021833.40873985,2969199.86464445
351,2024-09-25,4003380.38752765,2984238.86943703
352,2024-09-21,4006472.67102177,2952607.71051622
353,2024-09-11,4022199.38162567,2960702.29717821
354,2024-09-23,4029180.14921487,2955584.16817183
355,2024-09-14,3997519.34953535,2944099.95015835
356,2024-09-23,4000101.28303492,2953525.50228382
357,2024-09-08,3995866.02846346,2943011.46235531
358,2024-09-24,4023699.64661122,2960534.53127212
359,2024-09-26,4002147.56026617,2940346.79947451
360,2024-09-26,4006763.54056185,2960466.44900396
361,2024-09-28,3998825.1152135,2956961.03963142
362,2024-09-29,4004048.16650851,2956001.03327877
363,2024-09-26,3997576.01587242,2956849.05114721
364,2024-09-08,4008092.4728846,2953945.08548957
365,2024-09-26,4001333.78828711,2952663.2859173
366,2024-09-28,4010080.34682773,2950421.91354621
367,2024-10-02,4028803.97504822,2959962.58258767
368,2024-09-25,4016427.68678986,2960691.23286953
369,2024-09-26,4011618.38593584,2956125.76906702
370,2024-09-26,4005555.22367383,2956447.42078381
371,2024-09-18,4009497.93963159,2951833.83049906
372,2024-09-10,4008887.13347213,2951789.28839118
373,2024-09-12,4011422.48584677,2952717.18568944
374,2024-09-26,4016889.19098522,2960544.36727014
375,2024-09-30,3996110.94618423,2956191.97294361
376,2024-09-25,3997484.56912024,2953333.39771107
377,2024-09-14,3999429.51321697,2960926.81401941
378,2024-09-11,4004497.20966323,2952850.45467277
379,2024-09-13,3998625.41735172,2955769.54061757
380,2024-09-18,4008555.69378086,2954535.64983638
381,2024-10-02,3992783.64412448,2956814.17769466
382,2024-09-07,3997372.13901299,2954800.77950908
383,2024-09-24,4005045.0408991,2956664.57953338
384,2024-09-24,4009410.23523496,2952401.79007479
385,2024-09-26,3992316.7696394,2938291.55319097
386,2024-09-30,3999419.17807919,2954545.96260521
387,2024-09-29,4007185.06705195,2956474.49755195
388,2024-09-28,4001155.25758141,2967170.05784112
389,2024-09-11,3997857.19461725,2968051.63636227
390,2024-09-25,3995705.83056776,2954606.91287097
391,2024-09-12,4004867.57692653,2963137.00631542
392,2024-10-02,4004852.25259691,2953069.02105679
393,2024-09-28,4025591.44678957,2961475.39509412
394,2024-10-01,4006548.53938706,2956179.75042813
395,2024-09-13,4009032.07280847,2971640.88254716
396,2024-09-30,4009265.0515517,2957864.88880752
397,2024-09-14,4001010.29885652,2945123.23498857
398,2024-09-16,4012032.39697553,2959376.37494771
399,2024-10-01,4013592.89926598,2959420.86859433
400,2024-09-18,4000713.3510379,2955894.92586374
401,2024-09-19,4014162.07807667,2959318.77597755
402,2024-09-29,4001666.7998127,2955947.86438419
403,2024-09-29,4003441.65449689,2958205.77912478
404,2024-10-01,3999629.06587807,2955432.80235027
405,2024-10-03,4013438.7404391,2976922.34035516
406,2024-10-01,4024237.29744645,2959491.20125586
407,2024-09-15,4012000.12262555,2960168.85991129
408,2024-09-29,4013069.10643564,2957828.65237763
409,2024-10-02,4009535.07634134,2950956.76199405
410,2024-10-01,3992611.94212395,2957487.21181672
411,2024-10-05,4009827.34258232,2952651.8547115
412,2024-10-03,4008986.12211176,2971566.94891857
413,2024-09-24,4006996.06947913,2959591.62251127
414,2024-10-08,4024537.59543749,2959396.77665409
415,2024-09-27,4026258.46929866,2963477.47586915
416,2024-09-27,4000827.62260229,2944217.35952493
417,2024-09-13,3997764.72874486,2957726.26124457
418,2024-09-23,3999709.3827287,2953437.04870619
419,2024-10-04,4013864.10520341,2971239.04225067
420,2024-10-08,4002456.91673731,2958636.89918962
421,2024-10-02,4036567.04146584,2965997.18735169
422,2024-10-07,4011188.20613788,2957494.85858669
423,2024-09-17,4007837.53452877,2953630.16731544
424,2024-10-03,4007680.03311179,2954902.7470758
425,2024-10-03,3995008.86066216,2957530.13334029
426,2024-09-16,4012203.22173702,2975420.3541432
427,2024-10-05,4007601.60762093,2962407.80155661
428,2024-10-05,4007980.08600142,2954720.92264088
429,2024-10-06,4005023.28224377,2956894.33545273
430,2024-10-07,3992867.48847761,2962746.43927335
431,2024-10-07,4018970.27162437,2966573.79025922
432,2024-10-09,3998635.11196883,2959139.960951
433,2024-10-05,3998133.8950153,2953923.54350702
434,2024-10-06,4006378.2671086,2952729.08900712
435,2024-10-10,3981809.29004783,2954942.97917714
436,2024-10-04,4010773.34435597,2977210.65828386
437,2024-09-21,4006057.94962234,2954904.6491871
438,2024-10-10,4037069.5328527,2967445.49944682
439,2024-10-11,4012959.25373183,2962113.11406509
440,2024-10-09,4024458.41248982,2961453.08452052
441,2024-09-22,4000893.92436727,2955511.54241102
442,2024-10-07,4012645.33203441,2958725.81000926
443,2024-10-08,4010711.87201263,2967510.26541439
444,2024-10-09,3999660.3321426,2957808.69362332
445,2024-10-07,3997203.49153316,2954280.83989429
446,2024-09-23,4010292.64035167,2965996.0526155
447,2024-10-06,3997768.16575463,2959331.36282018
448,2024-10-09,4006070.34870558,2951843.97152138
449,2024-10-05,4002514.55912357,2953140.92639845
450,2024-09-22,4014124.07303784,2957513.23450683
451,2024-09-20,4027372.86538889,2960887.17789374
452,2024-10-09,4013222.82965996,2958216.14616715
453,2024-10-07,4009042.41453104,2957741.81443314
454,2024-10-07,4015077.73792943,2975267.9127247
455,2024-10-02,4001572.5312161,2970664.98037353
456,2024-09-21,4011261.20232734,2959518.65077564
457,2024-10-09,4011013.60216344,2966806.35109532
458,2024-10-06,4007242.2621973,2957108.08145601
459,2024-10-10,4000399.90677136,2955423.96886976
460,2024-10-08,3998524.07603263,2959429.6362741
461,2024-10-10,4026309.23701986,2962417.29104527
462,2024-10-11,3993457.94500282,2957532.58787889
463,2024-09-22,4010102.52027841,2952240.48888656
464,2024-10-10,3999278.79475754,2955967.93574383
465,2024-10-06,4004272.2848782,2951125.71276564
466,2024-10-11,3988740.24911336,2942593.18657482
467,2024-10-03,4009986.94902718,2957983.94989996
468,2024-10-07,4009126.84316991,2968408.27363059
469,2024-10-10,4012772.67229759,2959329.67911844
470,2024-10-09,4010769.70309489,2952182.30793184
471,2024-09-18,3999490.42039016,2967544.50246284
472,2024-10-10,3994690.09959224,2957659.13386209
473,2024-10-04,4014262.94086016,2954741.97915718
474,2024-10-13,3992508.78774193,2955009.11526709
475,2024-10-13,4011475.43500757,2960126.03796591
476,2024-10-15,3992703.96679632,2961917.24343078
477,2024-10-13,4017855.97051635,2966422.3212824
478,2024-10-10,4004211.03149182,2955482.35293279
479,2024-10-15,4023400.23265756,2963443.24136562
480,2024-10-09,4008489.47385665,2951395.50121824
481,2024-10-14,4005696.04205424,2952590.88884274
482,2024-10-14,3990784.39270403,2956586.0769324
483,2024-10-16,4012770.96488025,2958735.6175423
484,2024-10-15,4021858.66908797,2963359.9414258
485,2024-10-05,3999243.4570048,2951766.22609006
486,2024-10-16,4000604.93585937,2951723.91204774
487,2024-10-11,4006741.07488156,2957373.63981337
488,2024-10-09,4009836.58541438,2959253.10833583
489,2024-10-14,4042758.35715577,2970356.11229627
490,2024-10-17,3996699.47962661,2954735.59945424
491,2024-10-02,4009329.59393098,2954805.43081192
492,2024-10-16,4010978.00818384,2951943.8031209
493,2024-10-15,4001824.47903151,2969329.23974357
494,2024-10-12,3997434.15020843,2939797.36178901
495,2024-10-04,4001767.0477561,2954965.4529432
496,2024-10-14,4019219.6107905,2965291.51573431
497,2024-10-14,4002042.29323959,2955358.88908704
498,2024-09-30,3999016.83261508,2954969.60232
499,2024-10-19,4031813.99934066,2961563.33049097
500,2024-10-16,4014021.19829695,2959511.19076865
501,2024-09-28,4011587.49284211,2957408.80322179
502,2024-10-05,4002200.2130589,2949821.59788884
503,2024-10-11,4011041.82932558,2978795.25634378
504,2024-10-15,4003145.84294895,2952232.9020699
505,2024-10-18,3994185.74283996,2956057.0828737
506,2024-10-18,4015116.81738113,2963404.50936757
507,2024-10-14,3998016.83951428,2955142.90388211
508,2024-10-01,3995647.55710659,2937937.93884257
509,2024-10-02,3999072.8649144,2957971.61131014
510,2024-10-17,4013260.64489641,2955234.96865335
511,2024-10-03,4025903.34551699,2959308.54620974
512,2024-10-14,4009415.41386588,2955202.20677169
513,2024-10-16,4011205.34411993,2958257.90949872
514,2024-10-17,4024065.89784916,2963092.03489536
515,2024-10-17,4023497.94022178,2962202.44833603
516,2024-10-09,4008798.86160034,2971418.66956127
517,2024-10-08,4000998.38995178,2955046.48245164
518,2024-10-18,4007013.41862857,2968388.24064653
519,2024-10-18,4034214.49197958,2968561.42071764
520,2024-10-02,4008280.22781753,2955736.55883019
521,2024-10-20,3998274.45981482,2957449.10455904
522,2024-10-18,4027722.69721539,2961879.24131921
523,2024-10-11,3997640.60679768,2953217.74740502
524,2024-10-08,4027256.95858743,2959564.08756223
525,2024-10-17,4001961.53025056,2952486.5353876
526,2024-10-18,4003998.88874692,2954657.22024886
527,2024-10-21,4011864.4550414,2973707.56823011
528,2024-10-01,4009178.67829729,2955441.86901845
529,2024-10-16,4024176.02021006,2960127.1980686
530,2024-10-03,3994363.23542343,2957726.44990961
531,2024-10-15,3999250.86786488,2959233.12646289
532,2024-10-19,3997822.84499573,2952645.21480405
533,2024-10-18,4017240.98081265,2971848.41244046
534,2024-09-29,4007315.03866642,2968325.1744994
535,2024-10-20,3994758.85574905,2957591.59358896
536,2024-10-20,3996144.57914542,2957561.58936839
537,2024-10-09,4009401.79495397,2951254.85920455
538,2024-10-18,3999603.98309919,2952717.06173826
539,2024-10-19,4008749.06617415,2969658.98455291
540,2024-10-19,4001173.85808821,2957009.51612252
541,2024-10-20,4011149.31094302,2957246.17743694
542,2024-10-19,4007981.75143573,2955544.19027301
543,2024-10-14,4004023.85700129,2952706.02951837
544,2024-10-01,4009821.70909546,2957715.34763637
545,2024-10-21,4020829.82870101,2977873.6467911
546,2024-10-23,4006139.5535979,2956790.87083697
547,2024-10-04,4030966.62625003,2961773.84972676
548,2024-10-19,4018734.57948376,2967037.66519205
549,2024-10-19,4007904.58859028,2968727.88558669
550,2024-10-14,4016205.27810406,2959531.41156178
551,2024-10-17,4026000.36192444,2959340.36779986
552,2024-09-29,4000813.2377375,2954743.10430687
553,2024-10-18,4023825.63838142,2959787.7053949
554,2024-10-21,3999123.78435168,2957331.92726056
555,2024-10-22,4017856.52859548,2971418.71145922
556,2024-10-19,4000865.92254039,2957307.88639309
557,2024-10-08,3984774.82040586,2970760.81500115
558,2024-10-20,4007898.1292371,2956131.30796372
559,2024-10-17,4001673.89988045,2955773.09030643
560,2024-10-23,4013000.43838571,2955738.84298837
561,2024-10-02,4004436.93588848,2955730.96304436
562,2024-10-20,4002194.75467712,2970216.14225273
563,2024-10-24,4002683.49073783,2957087.74910064
564,2024-10-21,4025217.38860775,2962260.22521441
565,2024-10-26,4006570.32204861,2937452.70457342
566,2024-10-21,4002368.19198235,2963814.53841612
567,2024-10-10,4010570.80673403,2974375.12447901
568,2024-10-23,3998353.85415449,2950984.00181611
569,2024-10-19,4019821.0571387,2974901.68105678
570,2024-10-19,4005077.75502686,2951981.75973808
571,2024-10-18,4017471.67838425,2956395.73165671
572,2024-10-24,4014712.931129,2960952.56245328
573,2024-10-04,4004731.93503297,2950457.62603029
574,2024-10-23,3994417.69417379,2963134.93455149
575,2024-10-06,4025083.43376228,2964810.94350707
576,2024-10-25,4025442.36187252,2972619.34596271
577,2024-10-25,4025005.19138131,2963261.10391058
578,2024-10-20,3997352.39051562,2957698.65376717
579,2024-10-05,4008893.75880702,2953506.57348494
580,2024-10-19,4015146.3484147,2962022.45517221
581,2024-10-15,3995971.47906095,2956571.50021538
582,2024-10-22,4006306.49732325,2976227.71147809
583,2024-10-22,4009776.50209459,2960583.40388489
584,2024-10-21,4004126.89431144,2954265.06943445
585,2024-10-23,4014103.00510344,2957235.47506126
586,2024-10-25,4006782.39992919,2962444.4365953
587,2024-10-24,4009002.14536561,2975684.86325261
588,2024-10-21,3998398.64382522,2953339.82741026
589,2024-10-22,3984367.46880736,2943262.38812195
590,2024-10-22,4021810.89985229,2962880.83470017
591,2024-10-27,3998683.43668238,2951976.45296197
592,2024-10-27,4003181.26314059,2955850.86840549
593,2024-10-25,4003225.89626695,2953214.23706933
594,2024-10-28,4000854.92808013,2953948.68777984
595,2024-10-28,4007705.04224135,2950521.17352235
596,2024-10-24,4000353.10350655,2956419.90452223
597,2024-10-25,4001594.36163475,2956760.64792282
598,2024-10-26,4006915.21495841,2957729.9927199
599,2024-10-22,4006806.48790183,2958613.44209336
600,2024-10-25,4002822.73245357,2957156.85430362
601,2024-10-27,4024409.18691328,2961672.66735023
602,2024-10-26,4011574.06434497,2978481.24678759
603,2024-10-26,4004550.06704622,2956508.87619051
604,2024-10-26,3996477.25837805,2961141.49477323
605,2024-10-24,4005077.90036867,2957938.28267108
606,2024-10-14,3995956.83545506,2941510.79290734
607,2024-10-26,3998671.66097056,2957110.37739165
608,2024-10-17,4027536.9734733,2959408.34012091
609,2024-10-26,3999941.14876696,2960194.11681152
610,2024-11-01,4012046.0862457,2958482.12496965
611,2024-10-28,4004744.23928017,2959359.84253314
612,2024-10-11,4013101.38864016,2975035.84054441
613,2024-10-19,4015130.84309328,2960731.92074059
614,2024-10-16,4010516.86655541,2971406.60978771
615,2024-10-18,4007434.48809322,2957735.53156671
616,2024-10-27,4043158.94975835,2968136.78315507
617,2024-10-16,4002348.44075291,2941140.3831507
618,2024-10-28,3995257.81709015,2961392.95119526
619,2024-10-12,4006677.67122597,2954387.09446811
620,2024-10-17,4023076.22949431,2958213.83229849
621,2024-10-21,4001808.70877874,2951986.27889559
622,2024-10-27,4009646.24720233,2974098.05061138
623,2024-10-29,4023591.52400141,2962423.31106264
624,2024-10-28,4000020.27511328,2959024.79045487
625,2024-10-12,4013625.89156736,2955563.77420407
626,2024-10-21,4004976.41280612,2959286.33394499
627,2024-10-21,3997209.59550154,2955870.04604938
628,2024-10-27,3999949.11140848,2951535.1375358
629,2024-10-17,3997531.68705242,2953484.32555979
630,2024-10-13,4006037.30926645,2958184.80656943
631,2024-10-28,4000893.25727371,2957093.42815696
632,2024-10-26,3990572.8836751,2952865.2882498
633,2024-10-30,4020763.08084603,2964464.04862838
634,2024-10-28,4020236.51899142,2967964.29781065
635,2024-10-26,3992750.18269757,2957714.68391896
636,2024-11-02,4008148.27938084,2958339.02731942
637,2024-10-23,4015976.19098914,2973573.34134143
638,2024-10-26,4029969.52165926,2962471.50599543
639,2024-10-20,4002608.40652409,2956359.20852452
640,2024-10-22,3992127.26639343,2958435.09732504
641,2024-10-29,3994493.02686256,2954633.3596278
642,2024-10-12,4009999.17602615,2951070.20485231
643,2024-10-26,3994269.32740187,2956288.47949996
644,2024-10-28,4020243.92054742,2965459.05303935
645,2024-10-28,4003960.21001795,2969711.52107349
646,2024-11-01,3987873.81143072,2953745.82534227
647,2024-10-31,4010834.03392845,2969846.55423318
648,2024-10-23,3998110.276686,2953449.86633424
649,2024-10-11,4020308.74922795,2966741.87690527
650,2024-10-20,3995902.74933173,2956839.308831
651,2024-11-03,4026266.36315882,2964372.47790851
652,2024-10-09,3999693.72534097,2959309.9401768
653,2024-11-01,4011131.09402941,2956851.18208603
654,2024-10-10,4010845.51565826,2960403.32280918
655,2024-10-31,4015655.48907852,2959803.81694906
656,2024-10-30,3998038.49008193,2954073.63241123
657,2024-10-28,4005841.62625039,2957267.63472303
658,2024-10-30,4012136.2938287,2956173.22889478
659,2024-10-29,4008675.2024108,2978296.40230083
660,2024-10-31,4027350.75630106,2962473.80274287
661,2024-10-28,4017601.05391791,2972454.11810527
662,2024-10-30,4001881.41937115,2957585.61375172
663,2024-10-11,4000299.09003145,2968921.54234985
664,2024-10-30,4003866.33982953,2967828.33444738
665,2024-10-30,4012635.74264017,2949486.16262246
666,2024-10-23,4008949.91587053,2975207.83071036
667,2024-11-01,3993338.08070127,2963065.62879405
668,2024-10-17,4005129.78193556,2954050.78687849
669,2024-10-28,4038686.56740517,2963764.61082479
670,2024-10-28,4026167.96822295,2960084.19347316
671,2024-10-28,3997114.96684734,2955528.80774872
672,2024-11-01,4003523.86457306,2954695.4471958
673,2024-10-31,4010445.49223722,2973456.40585774
674,2024-10-30,3998991.62589802,2952923.18480506
675,2024-10-30,4007431.31996627,2963054.61778818
676,2024-10-26,4002030.15032258,2954797.01163982
677,2024-10-30,4029533.97713422,2959687.10050069
678,2024-10-14,4007495.04316204,2956082.705298
679,2024-10-29,4003970.79803704,2952842.3260928
680,2024-10-20,4001834.79634349,2954815.21073278
681,2024-10-28,4010655.38749469,2960926.57021977
682,2024-10-14,3999456.79614811,2954540.30315676
683,2024-10-13,4011046.62163356,2952983.21616679
684,2024-11-02,4011637.9048459,2979410.71071647
685,2024-11-03,4010407.45558381,2952845.65443725
686,2024-10-13,3987726.68121045,2941922.92540735
687,2024-11-04,3994890.96838223,2954683.98859778
688,2024-11-03,4005413.95509345,2955510.51703721
689,2024-11-03,4011566.57991102,2960632.29627112
690,2024-10-31,4011358.82317004,2980850.47439296
691,2024-10-12,4005597.33592682,2956164.77490193
692,2024-10-11,4006924.53952742,2968036.88842508
693,2024-11-07,4004782.50357374,2971086.49117985
694,2024-10-16,3999980.32331338,2954075.72652268
695,2024-11-05,4014779.29145828,2974786.33838779
696,2024-11-05,4006915.53256813,2975248.38638737
697,2024-10-20,3980358.13046423,2952750.07264111
698,2024-10-31,4013092.88232665,2958693.89191923
699,2024-10-18,3998946.26933034,2946987.67735149
700,2024-11-02,4025213.16300946,2958269.22067843
701,2024-11-05,3994173.92526263,2952817.65499196
702,2024-11-07,4013812.16043646,2976782.45170863
703,2024-10-22,4010900.89992326,2970528.25573999
704,2024-11-06,3994285.54851504,2958192.57631656
705,2024-11-02,4003543.52248805,2957062.3071721
706,2024-10-13,4002597.45624993,2964022.24862612
707,2024-10-22,3991272.67579463,2960021.72205919
708,2024-10-31,4025090.46639332,2962313.88322438
709,2024-10-30,4010212.12327992,2958352.72381704
710,2024-10-28,4001810.87121413,2970694.7883546
711,2024-11-03,4010900.11572413,2955830.45830584
712,2024-11-03,3997505.71178992,2958438.34036208
713,2024-11-03,4009081.1385977,2951436.00511641
714,2024-10-13,4007836.38295109,2957000.13094225
715,2024-11-03,4023840.91346455,2963009.69667004
716,2024-11-06,3981020.69092508,2936952.36575944
717,2024-10-18,3994490.46255244,2956224.32837835
718,2024-11-02,4004270.59107468,2971007.87603994
719,2024-11-02,4014814.42907891,2960695.55008848
720,2024-11-03,4017155.3397716,2953384.11113894
721,2024-10-28,4022800.72534186,2963043.96109596
722,2024-10-22,4013049.46996822,2973151.9648607
723,2024-10-29,3995961.5057165,2956462.34938747
724,2024-11-01,4000886.17285151,2959234.13196472
725,2024-11-06,4012638.16992328,2956326.97211595
726,2024-10-19,4011886.48255613,2970429.15642816
727,2024-11-06,3986713.36004024,2940220.66470657
728,2024-11-09,4008741.95504486,2957329.63755414
729,2024-10-26,3982723.85350206,2950405.72283926
730,2024-11-08,3993928.68041365,2955636.42281749
731,2024-11-06,4025403.72552931,2962684.66258154
732,2024-10-16,3999537.72174234,2951872.70574786
733,2024-11-06,4024271.83739763,2961393.215478
734,2024-11-03,4012825.82598546,2958592.19754332
735,2024-11-08,4006601.35672869,2962950.15819788
736,2024-10-27,4013504.01354943,2955847.62799328
737,2024-10-21,4004459.19979964,2953200.40149789
738,2024-10-31,4024870.37881758,2960080.78118169
739,2024-11-07,3993483.24648955,2955805.8994653
740,2024-11-05,4026000.99415131,2963477.86431931
741,2024-11-12,4003960.67168854,2952145.90132057
742,2024-10-18,4011287.0245084,2966391.34058295
743,2024-11-10,4013007.17208151,2946064.35194469
744,2024-11-04,4004527.40912321,2954294.67439684
745,2024-11-02,4037665.08842881,2965142.10605316
746,2024-11-08,4040239.00661069,2959468.43776554
747,2024-10-22,4019166.6434799,2964265.10993125
748,2024-10-20,4012896.11305961,2960150.47451515
749,2024-10-29,4010235.11377406,2957671.98250996
750,2024-11-06,3998915.92936971,2954565.39783301
751,2024-10-22,3999467.14517876,2953293.96139128
752,2024-11-09,3999190.00247019,2955590.58983201
753,2024-11-09,4005128.90186984,2952501.452309
754,2024-10-30,4019867.25895238,2966103.05770587
755,2024-10-24,3992487.58494453,2954588.23077132
756,2024-10-22,4011149.05101451,2959035.10652522
757,2024-11-06,4001111.62687208,2955201.97669014
758,2024-10-22,4008663.90673736,2955056.75144971
759,2024-11-10,4010915.90600174,2958632.05239389
760,2024-11-09,4008320.0657759,2957658.29797791
761,2024-11-08,4028650.70940394,2962103.68611226
762,2024-11-02,3992828.1002159,2959720.02507685
763,2024-11-07,4003860.1155388,2955119.33624456
764,2024-10-27,4023121.46764924,2980177.47352466
765,2024-11-02,4009204.54669186,2950637.90592024
766,2024-10-20,4007463.42179375,2970547.92437714
767,2024-11-08,4025227.70103874,2958555.65441919
768,2024-11-09,3998612.84937763,2958109.66376093
769,2024-11-08,3996905.78342981,2955191.67965363
770,2024-10-23,4020331.07319242,2966288.08830179
771,2024-10-31,4001587.83421492,2957634.1259214
772,2024-10-23,3999095.14052721,2953920.45439943
773,2024-11-07,3996157.71607626,2941464.48370541
774,2024-11-07,3997463.8780982,2958960.59852491
775,2024-11-11,4031264.98014732,2960760.12556898
776,2024-10-23,4021185.12246639,2966767.90839092
777,2024-11-06,4031553.23694495,2962604.2748299
778,2024-11-05,4004969.18353772,2957832.07966781
779,2024-10-30,3998085.41665101,2970072.77111533
780,2024-11-09,4015679.80647027,2957828.84751303
781,2024-11-08,3994539.615044,2958384.22032248
782,2024-11-14,4010565.6867121,2958148.37879648
783,2024-11-10,4029250.44340146,2954651.23328001
784,2024-11-10,3994097.20807978,2958669.67686516
785,2024-10-21,4018004.85116905,2964740.38496685
786,2024-11-06,4009637.85278499,2952196.63682763
787,2024-11-10,3994833.15114914,2956916.87083122
788,2024-11-09,4005710.04941634,2950758.8527262
789,2024-10-22,3997666.69910622,2959071.21659796
790,2024-11-02,3999016.98131632,2955819.17535245
791,2024-10-20,4001172.44410091,2954183.07885743
792,2024-10-20,4018478.02743273,2967560.33158525
793,2024-11-07,4014024.50590683,2953670.8825933
794,2024-10-21,4003568.5393346,2941594.71847153
795,2024-11-06,4001689.26818236,2956739.24183831
796,2024-10-25,4018488.40045633,2957180.92354526
797,2024-11-11,4005610.07385509,2956187.5098831
798,2024-11-09,4009637.96489291,2955964.82145547
799,2024-11-03,4008828.83364366,2979073.78286095
800,2024-10-25,4023707.70255767,2959636.49342153
801,2024-11-06,3998395.16105473,2952071.52359939
802,2024-11-10,3997010.02033536,2955212.60520886
803,2024-11-09,4007270.39335687,2950990.67816915
804,2024-10-27,4006483.59761382,2969731.79482445
805,2024-10-28,4011185.33045418,2952038.71884475
806,2024-11-09,4010763.38517642,2958771.28175531
807,2024-11-09,4027985.52582817,2961409.95351232
808,2024-11-06,4004803.3917315,2954988.40765522
809,2024-10-28,4014335.7067505,2959721.02819532
810,2024-10-28,4015849.97510071,2965030.7634394
811,2024-10-26,4009284.97827813,2955721.09167386
812,2024-11-07,4023508.70350837,2961412.25058788
813,2024-11-09,4006114.55596703,2955626.72786025
814,2024-11-02,4003205.88621457,2951887.34248383
815,2024-10-25,4008304.93566576,2971028.81169682
816,2024-10-30,4005506.19645699,2954938.10156772
817,2024-11-09,4022406.17332394,2964506.29108323
818,2024-11-08,3991104.65948287,2956360.82181664
819,2024-11-10,4005992.66807881,2964042.07485229
820,2024-10-28,3985735.659351,2939926.61000312
821,2024-10-29,4005546.23554569,2955741.64579991
822,2024-11-07,3998213.11086591,2959730.71931756
823,2024-11-09,3998745.57759466,2953109.48319175
824,2024-10-26,4007524.75880653,2978138.00799269
825,2024-10-31,3998482.01608599,2957581.29360032
826,2024-11-11,3996302.0178525,2953223.59904255
827,2024-10-29,3989850.46112992,2957286.51436781
828,2024-10-18,4013257.35035209,2960613.97763765
829,2024-11-11,4005551.67293394,2953288.35183461
830,2024-10-26,3999759.29491075,2953102.22241882
831,2024-11-12,4013699.79594263,2961876.45599067
832,2024-11-15,4002278.88923846,2956322.44002931
833,2024-11-09,3997283.39195751,2954886.75290237
834,2024-11-11,4014308.13284528,2970349.47852198
835,2024-10-29,4012512.46318875,2944910.81995269
836,2024-10-26,4006201.36925954,2970293.60195646
837,2024-11-10,4003042.3512472,2959911.01178753
838,2024-11-09,3993980.2419207,2956071.77521637
839,2024-11-12,4006777.44921093,2962909.38312264
840,2024-11-14,4013181.75822577,2960088.00320412
841,2024-11-05,3994824.32013281,2954407.53405232
842,2024-11-15,4010190.7505377,2956678.75453845
843,2024-11-11,4006649.83422046,2959295.43903833
844,2024-11-11,4007438.45402444,2957519.09136929
845,2024-10-25,3978330.53278552,2955506.58866751
846,2024-11-15,4009797.22442664,2971402.73571322
847,2024-11-01,4013218.34578054,2959553.93404619
848,2024-11-14,3994228.37299461,2960519.38958226
849,2024-11-03,4001748.39674899,2953023.90549926
850,2024-10-26,4006567.62301447,2945038.44053648
851,2024-11-11,4009031.8366257,2957268.94998436
852,2024-11-09,4011162.73739611,2970589.07685856
853,2024-11-12,4009218.0099461,2958527.70962945
854,2024-10-24,3997067.97543787,2955688.76118184
855,2024-10-29,4000923.87886438,2956816.16845656
856,2024-11-10,4001147.99829957,2957181.31202033
857,2024-11-14,4008149.53174569,2951253.26788581
858,2024-11-17,4007831.0138853,2950224.42638434
859,2024-11-08,4014735.12174475,2971666.59653951
860,2024-11-12,4002320.92053953,2952230.65384281
861,2024-11-14,4017004.10706794,2965788.7822291
862,2024-11-11,4023002.51308763,2965451.95662468
863,2024-11-14,3995469.49364625,2956196.91879708
864,2024-11-15,4010500.70528504,2956594.62005937
865,2024-10-24,4000855.76772635,2956618.07493006
866,2024-10-28,4004821.72607529,2951770.79831251
867,2024-11-14,4001286.39952939,2953028.63586297
868,2024-10-23,4008791.67734716,2957949.32525332
869,2024-11-02,4006416.46261882,2959334.15839935
870,2024-11-14,4012183.34867417,2955443.12138221
871,2024-11-10,4009384.1532503,2974174.7858008
872,2024-11-15,4009853.91908386,2956334.64509229
873,2024-11-09,4000114.41406809,2955649.66299499
874,2024-11-12,3997266.23399204,2952706.08044591
875,2024-10-25,4012759.3110399,2974612.35869133
876,2024-11-13,4017660.03690808,2964628.72880374
877,2024-11-11,4000257.98445824,2942253.22199461
878,2024-11-14,4016208.11415125,2960890.39782115
879,2024-11-11,4000025.50432912,2951408.22607092
880,2024-10-29,4003241.70631971,2957971.45550934
881,2024-11-10,4023403.15171013,2960828.93516312
882,2024-11-13,3997490.26544112,2957636.61514449
883,2024-11-01,4003400.78674183,2951802.56424746
884,2024-11-11,4003771.43825564,2954925.01326641
885,2024-11-13,3995261.05235586,2962806.20625778
886,2024-11-12,4000417.71690191,2955085.5652747
887,2024-11-01,3995265.36227896,2954829.96541031
888,2024-11-05,3994446.60409001,2956503.55691143
889,2024-11-15,4008818.50024316,2950883.33880086
890,2024-11-14,3995298.57777139,2955126.64008612
891,2024-10-24,4006403.13096688,2955214.03808491
892,2024-10-31,3997599.2092887,2954875.22246788
893,2024-11-04,4002780.89867161,2953255.78906531
894,2024-11-12,4009653.2771747,2956564.76841756
895,2024-11-12,4016262.67977807,2958320.79070659
896,2024-11-08,4024677.24165006,2959245.74459731
897,2024-10-31,4001617.52268641,2954480.16273558
898,2024-11-04,4006996.11803851,2953568.19351798
899,2024-11-08,4017588.96846493,2959807.73502358
900,2024-11-17,4000470.877095,2957441.55679829
901,2024-11-16,4031520.14571595,2960714.05110493
902,2024-11-18,4012655.0915843,2975362.0485564
903,2024-11-08,4000772.48346992,2952409.24016792
904,2024-11-01,3997625.05551571,2954314.45698834
905,2024-11-16,4007355.20168242,2964647.39791923
906,2024-11-07,4006018.76727149,2976265.40592248
907,2024-10-23,3998392.83785215,2946082.62395998
908,2024-11-12,4022431.52803041,2961403.00273719
909,2024-11-08,3977583.8369179,2947519.30807967
910,2024-11-15,4023047.51063225,2960079.37806691
911,2024-11-15,4005124.132672,2951035.34727884
912,2024-11-20,3996880.1797367,2953739.1132983
913,2024-11-17,4019678.11884428,2977601.52593357
914,2024-11-18,4013341.59187692,2953611.4084516
915,2024-11-15,4008253.86399019,2957553.70972396
916,2024-11-16,3990174.40724107,2959778.16040754
917,2024-11-17,4007321.29146597,2955414.64207821
918,2024-11-16,4008182.22761252,2954918.26267262
919,2024-11-18,4006893.95245438,2955128.3622772
920,2024-11-16,4002989.84848404,2955360.47601907
921,2024-11-12,4030625.1832966,2961601.39376966
922,2024-11-12,4028473.72680096,2962578.4433992
923,2024-11-16,4007797.37948691,2977032.58957833
924,2024-11-16,4010152.53086801,2974549.97906335
925,2024-11-14,3998485.3117061,2957071.77980165
926,2024-11-14,4026641.98335375,2962206.10120825
927,2024-11-16,4002301.88657566,2949081.69176743
928,2024-11-17,4009942.12557004,2976749.21629375
929,2024-11-14,3990615.85562969,2953906.1096516
930,2024-11-01,4001096.83053082,2952591.60547377
931,2024-11-18,4003053.22308587,2979183.58781789
932,2024-10-27,3998029.87708067,2954615.20861431
933,2024-11-16,4008404.61580171,2953873.10058683
934,2024-11-17,4000298.72364372,2955451.44800956
935,2024-11-16,4000830.94744471,2953544.2540305
936,2024-11-18,3998831.40012348,2958538.60543425
937,2024-11-08,3987430.72010344,2958549.70666542
938,2024-11-15,4003498.10849271,2953387.52852218
939,2024-11-04,4009319.16538873,2971549.56711228
940,2024-11-11,4028547.38920431,2960453.45596462
941,2024-10-31,3995475.26481014,2955862.28924364
942,2024-11-19,3994406.38457415,2959026.16621061
943,2024-11-18,3986588.94613981,2952173.57372978
944,2024-11-17,3997772.0786945,2954419.66815817
945,2024-11-16,3997489.99083986,2953860.28060129
946,2024-11-02,3995528.42910209,2956599.67076321
947,2024-11-15,4010522.73810817,2979849.55085424
948,2024-11-04,3997868.28057198,2958092.57064896
949,2024-11-18,4025138.30455304,2963121.23836804
950,2024-11-21,4001433.60456394,2957384.85958642
951,2024-11-17,4009094.2955077,2971249.75704204
952,2024-11-14,3995413.54379788,2961078.60333641
953,2024-11-10,3997435.53956386,2957313.22115035
954,2024-11-16,4006236.57652358,2957068.85885725
955,2024-10-28,4005474.85423095,2955247.51062534
956,2024-11-23,4015296.32036406,2978500.1605101
957,2024-11-06,4017950.69283655,2972717.4212774
958,2024-11-12,4005768.56769373,2952315.6662021
959,2024-11-21,3995898.97915998,2954158.21927692
960,2024-11-15,3996923.92319108,2954711.63867024
961,2024-11-12,4011971.17952462,2965890.08291682
962,2024-11-19,3996352.01156165,2961550.18813173
963,2024-11-16,4001353.70329187,2954577.4774932
964,2024-11-18,3981740.39852884,2936502.36610761
965,2024-11-07,3997819.97112882,2953495.21305065
966,2024-11-15,4014796.00542801,2955532.98201728
967,2024-11-15,4027501.29615382,2960553.04263858
968,2024-11-04,4008375.52041219,2955702.62697089
969,2024-11-02,4002528.79241605,2941781.60231736
970,2024-11-22,4010902.73281,2956143.57802903
971,2024-11-20,4022011.48160555,2966809.34193715
972,2024-11-20,3997318.15648173,2960909.74536197
973,2024-10-31,4009949.57321023,2975744.56246524
974,2024-11-19,4014379.94728403,2960946.66480122
975,2024-11-13,3984335.02354678,2941730.47314532
976,2024-10-31,3999430.7608573,2959407.04690062
977,2024-11-01,4012564.85241508,2959610.01957296
978,2024-10-31,4012565.9832453,2950039.62735323
979,2024-11-20,4006079.09103117,2957008.46832079
980,2024-11-01,3995732.75474647,2956447.44582108
981,2024-11-21,4006286.05450853,2977184.86776531
982,2024-11-22,4006837.62762644,2979875.79688357
983,2024-11-19,3978292.54731011,2932836.02691233
984,2024-11-16,4026150.85561328,2959251.4435745
985,2024-11-01,4002269.86931418,2959281.73041052
986,2024-11-18,4005072.51041888,2951330.47129124
987,2024-11-13,3990004.92044187,2958805.58688255
988,2024-11-18,4012441.73528328,2956589.29531827
989,2024-11-03,4003846.78233008,2954160.00126802
990,2024-11-21,4001011.22238659,2954932.95454445
991,2024-11-19,4010734.07819339,2956803.59717634
992,2024-11-19,4013192.64667193,2955762.25948169
993,2024-11-17,3998959.6610952,2955681.06860619
994,2024-11-21,4004194.4281898,2972152.36827404
995,2024-11-18,4025379.22923382,2959193.30423251
996,2024-11-05,4024279.00572273,2961600.22394862
997,2024-11-22,4007119.24852884,2969836.39616905
998,2024-11-03,4007449.67118762,2955662.34754006
999,2024-11-22,4023029.90526621,2969179.71236328
1000,2024-11-19,3997391.11890446,2956401.49892997
1001,2024-11-14,4012475.6001638,2956267.04806987
1002,2024-11-16,3987716.86871577,2955446.17594562
1003,2024-11-17,4004228.20326051,2955173.86829564
1004,2024-11-20,4027498.62406284,2963176.66574738
1005,2024-11-11,4001539.55628551,2956913.35907931
1006,2024-10-30,4021109.19064276,2962631.01988781
1007,2024-11-20,4025245.82599624,2959095.83874496
1008,2024-11-20,4009826.88953154,2978649.13096124
1009,2024-11-20,3999255.79106678,2968824.06551805
1010,2024-11-22,3998821.47478526,2969987.61274992
1011,2024-11-10,4010875.70665685,2955856.29645552
1012,2024-11-16,4004533.99091989,2959038.1677322
1013,2024-11-16,3995202.43927361,2961512.22119743
1014,2024-11-26,4020291.51393816,2951245.36957151
1015,2024-11-17,4004020.27422776,2975605.10498024
1016,2024-11-17,4015016.09778691,2960476.58204372
1017,2024-11-22,3996114.11209152,2956826.12515408
1018,2024-11-22,4004920.22731398,2955020.56276395
1019,2024-11-20,3986113.60209369,2943147.62730746
1020,2024-11-23,3998596.8235527,2960124.27358728
1021,2024-11-19,4024658.36022053,2964643.36955594
1022,2024-11-18,4004941.60172359,2952245.745342
1023,2024-11-22,4005900.30946913,2954574.67650177
1024,2024-11-23,4002743.62994098,2953047.60944978
1025,2024-11-22,4024290.57686383,2961271.44967167
1026,2024-11-22,4022437.28331493,2961515.36175537
1027,2024-11-18,4004293.30556081,2956854.68002078
1028,2024-11-25,3996255.23933958,2956217.96539405
1029,2024-11-18,3998566.50508184,2958536.87001075
1030,2024-11-05,4006205.8844079,2937544.82941776
1031,2024-11-20,4009487.37246716,2952375.17307467
1032,2024-11-08,4000117.38242178,2969890.97247188
1033,2024-11-10,3993062.93918893,2959844.26500786
1034,2024-11-09,4005505.16772662,2953171.55474926
1035,2024-11-06,3982283.45503024,2948965.55080392
1036,2024-11-20,4003329.8561207,2955426.9368547
1037,2024-11-20,4003507.64341232,2971261.98678642
1038,2024-11-11,3998774.85959135,2959759.2383254
1039,2024-11-23,4027369.15232715,2958436.36261361
1040,2024-11-12,4006287.61800223,2962571.85502793
1041,2024-11-20,3996107.3929322,2955969.07423329
1042,2024-11-17,3997883.75391969,2954835.1906418
1043,2024-11-24,4013129.48826239,2960918.30514261
1044,2024-11-23,4013306.14660421,2975666.70464399
1045,2024-11-14,4000463.43934703,2953752.29304797
1046,2024-11-27,4029816.44308546,2960713.83009779
1047,2024-11-24,3995481.22593514,2955463.448051
1048,2024-11-23,4030394.96182614,2962156.80272352
1049,2024-11-21,3998117.54172141,2954867.59909312
1050,2024-11-24,4019322.14860014,2969557.51773414
1051,2024-11-24,4005975.67636282,2957169.53353843
1052,2024-11-11,4009256.27193723,2959007.51544058
1053,2024-11-19,4015214.56814997,2971295.2930479
1054,2024-11-15,4008858.61015501,2957230.86012606
1055,2024-11-16,3999083.0646223,2956163.89584437
1056,2024-11-22,4007694.30310573,2955636.74073092
1057,2024-11-25,3992663.226207,2971065.63447967
1058,2024-11-13,4009408.21862621,2952476.59771765
1059,2024-11-23,4008976.48642441,2953059.10893035
1060,2024-11-21,4017034.97439178,2947131.82232019
1061,2024-11-12,4009325.04903725,2973083.60215795
1062,2024-11-12,4005875.56443192,2957521.51858784
1063,2024-11-11,3989999.60761107,2960220.68580055
1064,2024-11-07,3999455.04311695,2952787.87834964
1065,2024-11-20,4015193.37252053,2957347.94280421
1066,2024-11-11,4029335.19992016,2962845.35851048
1067,2024-11-07,3992928.54004954,2959146.87137556
1068,2024-11-05,4002044.46365502,2939985.61310617
1069,2024-11-21,4000068.24270976,2958119.40083723
1070,2024-11-21,4008958.31323648,2969267.05707566
1071,2024-11-02,4024439.98901803,2964000.001499
1072,2024-11-27,4009598.58653034,2958033.04922176
1073,2024-11-10,4014722.0066415,2971609.89495519
1074,2024-11-22,4013026.48235308,2961359.11652532
1075,2024-11-09,4026349.06018819,2960002.25863732
1076,2024-11-24,3999833.95886262,2958674.18804257
1077,2024-11-11,4013562.88725098,2959801.02849113
1078,2024-11-24,4000671.38939511,2955981.0350805
1079,2024-11-21,4010458.98180176,2958643.83684388
1080,2024-11-22,3998125.6797594,2955762.81544189
1081,2024-11-11,4003145.96639387,2952248.27857547
1082,2024-11-11,3997591.23082911,2956392.60896134
1083,2024-11-08,3998774.04305205,2955549.24954707
1084,2024-11-24,3991557.75820995,2954635.17747127
1085,2024-11-19,3995959.2102287,2954645.02884427
1086,2024-11-13,3993173.7906138,2962148.68791705
1087,2024-11-21,4009689.63386004,2955781.69267487
1088,2024-11-13,4009729.23899149,2951776.39812166
1089,2024-11-17,4024382.97083102,2964272.53270188
1090,2024-11-30,4019207.27064877,2967475.52691605
1091,2024-11-22,4021636.79568279,2963048.54840568
1092,2024-11-09,3994341.38894337,2952463.80688785
1093,2024-11-25,4020901.1446669,2964562.30611926
1094,2024-11-25,4022253.93744366,2960669.97668358
1095,2024-11-25,4036979.39056519,2957559.92157819
1096,2024-11-30,4023982.49534497,2965912.54343756
1097,2024-11-21,4023765.83293863,2962030.73638392
1098,2024-11-14,4021929.34373985,2963487.48728849
1099,2024-11-24,4003410.49311084,2956110.36531502
1100,2024-11-21,3990654.38336529,2957045.16692272
1101,2024-11-16,3997021.98406542,2953846.64167372
1102,2024-11-07,4008546.04882125,2946436.43014852
1103,2024-11-23,3999522.79718772,2956280.22169382
1104,2024-11-09,4012179.93302748,2956110.88533382
1105,2024-11-17,4012481.47282743,2959210.20655602
1106,2024-11-29,3998928.25591735,2953654.1473502
1107,2024-11-10,4017129.30987872,2973400.61594927
1108,2024-11-28,3999426.9844433,2956605.78083089
1109,2024-11-28,4001466.57069734,2952710.3186236
1110,2024-11-28,3989238.87650426,2957341.43144934
1111,2024-11-22,3997622.76120912,2953706.10673807
1112,2024-11-27,4033233.98320086,2962493.69059142
1113,2024-11-26,3992486.29032782,2955300.4695722
1114,2024-11-28,3992225.42265409,2959151.68307819
1115,2024-11-23,3993960.4725231,2958887.47087399
1116,2024-11-24,4011950.70987832,2959228.65399823
1117,2024-11-24,3998430.96658599,2956218.33277139
1118,2024-11-25,4010659.39262192,2953149.43184943
1119,2024-11-23,4011615.02875469,2974897.44691291
1120,2024-11-26,4015793.44283526,2964112.75705585
1121,2024-11-09,4001784.50411983,2953296.35469661
1122,2024-11-23,3998235.81419519,2959285.26561164
1123,2024-11-08,4000141.0345293,2950492.25368989
1124,2024-11-29,4004943.9192127,2976322.7187584
1125,2024-11-26,4010841.51135015,2973699.95276484
1126,2024-11-25,3995108.30396131,2955963.90502212
1127,2024-11-26,4000337.95095262,2954772.4058773
1128,2024-11-24,4012682.41295254,2972693.76831375
1129,2024-11-08,4024286.9296108,2962530.56673174
1130,2024-11-26,4024596.54534325,2961571.82268313
1131,2024-11-27,4017640.03635008,2960278.21770404
1132,2024-11-07,4000048.29100998,2957371.15376356
1133,2024-11-15,4002170.26281059,2952580.7945964
1134,2024-11-25,4002193.96194193,2955193.63524339
1135,2024-11-27,4011102.26218601,2966258.9035627
1136,2024-11-24,3990319.47202335,2961010.31522056
1137,2024-12-03,4000703.99170031,2956273.19012786
1138,2024-11-08,4009813.36458632,2951489.45121053
1139,2024-11-25,4016090.4932501,2963395.07412142
1140,2024-11-13,3996291.57652992,2954400.34544805
1141,2024-11-26,3996348.02989901,2957938.48830433
1142,2024-11-27,4001464.33676633,2954313.66574532
1143,2024-11-18,4024041.59639806,2965823.90295273
1144,2024-12-02,4001543.7594066,2953933.49974603
1145,2024-11-27,4010920.62774209,2977521.97648612
1146,2024-11-28,3999877.99331344,2953668.61578729
1147,2024-11-08,4026119.1325317,2962292.00993716
1148,2024-11-28,4021877.96903025,2967970.16477828
1149,2024-11-26,4013408.96820863,2971252.55551566
1150,2024-11-20,4004133.51730391,2953712.93474956
1151,2024-11-27,4011117.94590901,2979465.74736197
1152,2024-11-21,4011160.25689844,2959249.45726068
1153,2024-11-27,4016317.85406205,2958532.1945869
1154,2024-11-28,4014792.88010198,2976626.53820866
1155,2024-11-08,4005841.32555293,2976116.02092543
1156,2024-11-28,4002711.73062121,2971482.95776625
1157,2024-11-26,4007187.94430103,2959496.89706998
1158,2024-11-06,3999410.74096033,2956041.88987493
1159,2024-11-17,4023680.40243201,2963549.82929488
1160,2024-11-26,4007288.95205661,2955870.99654939
1161,2024-11-13,4004995.65088524,2952119.85111188
1162,2024-11-26,4004478.00930752,2955698.23530787
1163,2024-11-28,4002764.71213823,2960277.71713695
1164,2024-11-25,4014977.54730882,2964192.17876928
1165,2024-11-28,4009981.44839802,2964425.78870017
1166,2024-11-16,3993035.83279176,2961140.31986917
1167,2024-11-13,3997226.25722316,2956174.79831451
1168,2024-11-27,4014331.91248982,2957784.2490862
1169,2024-11-08,3996225.24741251,2956808.26874301
1170,2024-11-27,3997891.08071482,2970265.14753532
1171,2024-11-28,4007823.65952627,2953680.39899698
1172,2024-11-30,4012779.14943119,2960844.91956091
1173,2024-11-27,4023303.42029956,2960828.55049167
1174,2024-11-06,4023094.56272734,2961699.2316456
1175,2024-11-26,4008943.88682773,2953725.40912319
1176,2024-11-27,4011708.23947052,2952523.44232488
1177,2024-11-25,4010569.98468411,2959069.49721195
1178,2024-11-29,4006735.51305662,2961567.78643146
1179,2024-12-03,4016115.43733586,2984453.796901
1180,2024-11-30,4000180.83248327,2940739.28237626
1181,2024-11-07,3998628.52688056,2954504.31390991
1182,2024-11-30,4003379.98891645,2952358.35292425
1183,2024-11-23,4011311.1465675,2972778.91365163
1184,2024-12-01,3998324.691694,2959648.56872521
1185,2024-12-01,3998944.38835833,2959945.83655176
1186,2024-11-27,3988556.25991688,2953419.43586762
1187,2024-11-16,3997859.16893344,2959268.192888
1188,2024-11-27,4026644.91422542,2963679.54626386
1189,2024-11-20,3978842.21846003,2937792.35625345
1190,2024-11-07,4010262.95546437,2959510.4850709
1191,2024-11-26,4000784.18634417,2956520.18480497
1192,2024-11-26,3991009.84169473,2961105.31837124
1193,2024-12-02,4013956.55575665,2959621.86733907
1194,2024-11-30,4011196.30415694,2952657.93586932
1195,2024-11-28,4009121.24405142,2956213.81822531
1196,2024-11-29,4026045.03093717,2964072.12477969
1197,2024-12-02,4026293.74559019,2962411.65978645
1198,2024-11-29,4008967.5119092,2957287.20566353
1199,2024-11-13,3993240.87375743,2956501.17336563
1200,2024-11-26,4013765.52498341,2956067.31408774
1201,2024-11-26,4004241.04448374,2954394.04920243
1202,2024-12-02,4006453.62757494,2962127.03721606
1203,2024-11-28,4005574.18664865,2954392.76009989
1204,2024-12-01,4002721.79296105,2954298.83954568
1205,2024-11-29,4014349.89315339,2960862.86884373
1206,2024-11-20,4007721.8109691,2957070.06025049
1207,2024-11-14,4015412.99387797,2964195.899427
1208,2024-11-28,4023316.53553975,2958360.76032506
1209,2024-11-10,3997014.52572869,2957014.44896873
1210,2024-11-29,4014889.84792235,2971956.558363
1211,2024-11-21,3997723.97430801,2957994.99247485
1212,2024-11-30,4004576.31458811,2951290.57653225
1213,2024-11-28,3997323.84850461,2939324.46254461
1214,2024-11-29,3997683.68246215,2961084.34044986
1215,2024-11-15,4018171.71692458,2975807.52164827
1216,2024-11-27,4024800.5203027,2963132.58873976
1217,2024-11-23,3997902.69914202,2956578.57220693
1218,2024-11-14,4009247.05844768,2969906.04850989
1219,2024-11-30,4012481.15165651,2955498.83235668
1220,2024-11-24,4005615.56407806,2968931.06229131
1221,2024-11-19,4007872.13346644,2956152.39565113
1222,2024-11-20,4009716.39872949,2955796.132726
1223,2024-11-24,3996291.85183547,2957114.93012462
1224,2024-12-02,4029607.38967888,2963780.46245132
1225,2024-11-22,4006252.36233746,2969225.44098903
1226,2024-11-11,4003261.34646319,2967817.22040863
1227,2024-11-28,4006830.16017253,2951837.67559967
1228,2024-11-19,3977770.27292087,2929573.38831691
1229,2024-11-30,3991452.25743176,2953829.65205244
1230,2024-12-02,3990160.10672397,2956811.06566489
1231,2024-11-19,3991199.98663412,2957702.19675282
1232,2024-11-12,4008798.85062274,2955077.96125524
1233,2024-11-30,4025236.92103426,2958623.06655987
1234,2024-12-01,4012942.22564458,2959879.20019958
1235,2024-12-07,4007093.6704072,2957854.25630408
1236,2024-11-11,3999164.79972141,2952017.02196982
1237,2024-11-16,4009146.17762429,2951572.91070848
1238,2024-11-30,3996605.38573906,2954720.20965276
1239,2024-12-02,4007894.56100652,2956311.9630033
1240,2024-11-12,4001332.58975549,2954912.43059843
1241,2024-11-10,4002417.97691989,2972354.31909387
1242,2024-11-15,4024289.29753415,2958900.97034324
1243,2024-11-25,4003708.22147412,2953381.92848659
1244,2024-11-14,4021577.77836683,2964028.55191105
1245,2024-12-06,4002510.19280902,2956324.20662253
1246,2024-11-24,4009284.5226087,2958273.97765768
1247,2024-11-20,3996443.15129007,2953697.07442651
1248,2024-11-16,4028520.65169398,2961047.51512447
1249,2024-11-25,4006139.1754646,2954609.44990216
1250,2024-11-27,4002802.23326789,2949222.29410653
1251,2024-12-03,4005454.15711748,2955231.3683811
1252,2024-12-01,4004621.16047862,2957679.99978456
1253,2024-12-06,3997872.06419,2958364.74427045
1254,2024-11-15,4006893.56688332,2962939.0985175
1255,2024-11-14,3997713.20971782,2959386.24100923
1256,2024-11-28,4006905.46684798,2964431.18326246
1257,2024-11-29,4002272.27912331,2971027.79300625
1258,2024-11-29,4014656.45928792,2963828.90213059
1259,2024-11-16,3998659.61321381,2956280.4969745
1260,2024-11-13,3996696.01135089,2956686.50957765
1261,2024-11-28,4009677.16497737,2957042.87038655
1262,2024-11-10,4029746.84484498,2960244.38387977
1263,2024-12-02,4002976.43246014,2951914.17589324
1264,2024-11-16,3979860.77218452,2947200.64422551
1265,2024-11-18,3999195.25688744,2955604.0192361
1266,2024-12-06,4025557.71362365,2964012.7675912
1267,2024-12-02,4004312.49621044,2954517.37790171
1268,2024-11-21,4008221.66443478,2955031.78228203
1269,2024-12-06,4013211.82106513,2956098.94149055
1270,2024-12-04,4016432.17547779,2946604.51331787
1271,2024-12-02,3990832.11884296,2957940.5440771
1272,2024-11-30,3982440.07804819,2941010.81790303
1273,2024-12-02,4022798.36637787,2961674.8937659
1274,2024-12-02,4028295.87489594,2957131.05321217
1275,2024-12-02,4010842.01213424,2976078.3148629
1276,2024-11-17,3981994.16049342,2933546.3855707
1277,2024-12-02,3997378.14642729,2952628.26672097
1278,2024-11-29,3998305.91934422,2952302.82484254
1279,2024-11-30,4003929.76407274,2956712.37292259
1280,2024-11-19,3992784.81883168,2957749.24576587
1281,2024-12-03,3999657.89417898,2954189.24515535
1282,2024-12-01,3994903.27797355,2956522.00447683
1283,2024-12-05,3997195.03138872,2957066.32741148
1284,2024-12-01,4004247.37545281,2955984.33579435
1285,2024-11-22,3991080.12790914,2956671.76414191
1286,2024-11-30,4028606.32119158,2964138.68460719
1287,2024-11-27,3991184.75790836,2956423.84870265
1288,2024-12-02,3990196.59813845,2956492.13434123
1289,2024-11-21,4013327.62326806,2958969.97868157
1290,2024-12-03,4027110.8258229,2962368.21162062
1291,2024-11-21,4013875.61659645,2958672.97236329
1292,2024-12-05,4008688.15504758,2953253.35952292
1293,2024-11-23,4004018.81855726,2971000.5393039
1294,2024-12-06,4023805.21520047,2964615.37308428
1295,2024-11-14,4002265.92014254,2957133.57167959
1296,2024-11-17,3997294.53643628,2952488.59980906
1297,2024-12-02,3993801.74621896,2955716.89113299
1298,2024-11-21,4028714.49614895,2962767.18167683
1299,2024-11-19,4019811.66153034,2971851.75903643
1300,2024-12-06,3994688.90957767,2957020.04535854
1301,2024-12-03,4002670.82843028,2956532.19393391
1302,2024-11-21,3987460.88146192,2938309.49824538
1303,2024-11-17,4000392.4956526,2953665.0323787
1304,2024-12-04,4008478.49673691,2955710.5200699
1305,2024-11-30,4026113.41097607,2964023.54570843
1306,2024-11-28,3996601.36680541,2956975.58695563
1307,2024-11-22,4006658.49726418,2963902.74679183
1308,2024-11-22,4008246.66443221,2963341.81107134
1309,2024-11-18,4011020.13360117,2970870.88929717
1310,2024-12-08,3994767.67408199,2947564.54301045
1311,2024-12-06,4001817.64714142,2955419.27811943
1312,2024-11-28,4008671.30455215,2950923.53012134
1313,2024-11-30,4008330.74741232,2953873.77328346
1314,2024-11-26,4032749.46341216,2962125.15122982
1315,2024-12-01,3999148.90052494,2956625.74879134
1316,2024-12-02,4003761.69963974,2958204.68427025
1317,2024-12-01,4000597.00533978,2978630.12891708
1318,2024-12-03,4003927.44035771,2951345.32650857
1319,2024-12-08,4012384.99112583,2970350.09929215
1320,2024-12-04,4011041.7397863,2958945.19007667
1321,2024-11-29,4006271.90439752,2957095.50815808
1322,2024-12-04,3999235.60938703,2957500.08751623
1323,2024-12-02,4008084.29421018,2955357.64325106
1324,2024-11-23,4023844.07039138,2961521.48125922
1325,2024-12-08,3997462.55201596,2969910.6042687
1326,2024-12-02,3999356.67691408,2971444.13974744
1327,2024-12-06,4003628.69216825,2976298.06647449
1328,2024-11-28,4022897.59075083,2963001.74048638
1329,2024-11-17,4005965.11164123,2958235.20699863
1330,2024-12-04,4004687.3856419,2959791.69627454
1331,2024-12-08,3988021.13282232,2955543.5517455
1332,2024-12-02,3994349.82917712,2962411.2467746
1333,2024-12-03,4005823.32975024,2950484.97845318
1334,2024-12-03,3994016.40723761,2952144.78740784
1335,2024-11-22,4003193.03650764,2958472.12717283
1336,2024-11-12,4004876.58292333,2951482.7317492
1337,2024-11-13,4003015.77169528,2951422.01169541
1338,2024-12-06,4003521.18530523,2958377.84255827
1339,2024-12-07,4006646.9171075,2964793.42634706
1340,2024-12-04,4013626.6600873,2960730.01814846
1341,2024-12-07,3990167.11432147,2960901.98305609
1342,2024-12-08,3988967.02348892,2956684.90102254
1343,2024-12-07,4002878.28418199,2959508.49831327
1344,2024-12-04,3994004.16358613,2954653.84974288
1345,2024-12-01,3984526.82321532,2942320.93777599
1346,2024-12-03,4014592.18159033,2959329.34739683
1347,2024-12-07,3998864.94695368,2955266.62069145
1348,2024-11-23,4006780.23901627,2962735.77431803
1349,2024-11-21,4000370.09486025,2970844.85493838
1350,2024-12-05,3998050.12953471,2958393.84950478
1351,2024-12-07,4004531.11991191,2955368.11240555
1352,2024-12-03,4009831.72363176,2955992.96992454
1353,2024-11-27,4012061.017913,2955827.32968024
1354,2024-12-06,4011842.21244213,2971798.69247675
1355,2024-12-06,4011561.83289249,2958937.75185871
1356,2024-11-24,3994774.61897003,2960793.32330365
1357,2024-11-16,4031482.78211997,2954451.80374727
1358,2024-12-07,3993056.48447311,2959516.90762186
1359,2024-12-05,3989845.52871307,2956771.18616544
1360,2024-12-05,4013866.2215781,2975573.46526386
1361,2024-12-06,4009862.0856807,2974202.36538355
1362,2024-12-10,4005874.25366927,2957659.07549045
1363,2024-11-24,4007751.03601568,2954718.63851163
1364,2024-12-05,3998299.38313787,2954718.6548796
1365,2024-12-05,4026409.96502656,2959555.5472845
1366,2024-12-10,3987519.2743025,2946742.11079695
1367,2024-12-03,4005495.70095674,2955956.00322422
1368,2024-12-06,4007358.02765949,2962395.28036318
1369,2024-12-08,3996256.33350329,2955838.93358033
1370,2024-11-29,4005565.0011982,2955228.44450416
1371,2024-12-04,3998978.4112356,2959726.57327887
1372,2024-12-07,4015345.22809166,2964252.97822088
1373,2024-12-05,4009455.75118878,2951374.83698029
1374,2024-11-15,3994780.14524627,2957752.93072415
1375,2024-12-04,4024328.91641642,2963468.09178051
1376,2024-11-24,3988917.98527338,2947384.53795615
1377,2024-12-05,4014950.64850227,2983698.24904254
1378,2024-11-25,3999663.36599918,2955167.38461063
1379,2024-11-21,3991589.38877354,2958849.9350011
1380,2024-11-27,3999067.50662294,2954189.90109418
1381,2024-12-01,4011379.40830742,2959541.11284576
1382,2024-11-24,4001321.7551693,2952576.62788593
1383,2024-12-05,3993293.55936235,2967674.74957046
1384,2024-12-05,3999974.26172188,2955474.77749439
1385,2024-12-05,4015988.8430187,2964824.20188997
1386,2024-12-08,4010769.60553787,2959531.65743625
1387,2024-11-30,3994577.4559824,2952184.74218987
1388,2024-12-01,3995659.936227,2956857.36505356
1389,2024-12-06,4014765.87285173,2973349.90655536
1390,2024-12-04,3989136.41894018,2959284.39172201
1391,2024-11-30,4010757.11114551,2956879.41011778
1392,2024-11-24,3994128.79779957,2957927.97519707
1393,2024-11-17,4008207.76329441,2957760.96078092
1394,2024-12-01,4014955.33691693,2944266.00753621
1395,2024-11-27,4028352.95346996,2955105.10015073
1396,2024-12-05,4005827.21863317,2958148.92725006
1397,2024-11-16,4015589.83043833,2959299.84905889
1398,2024-12-09,4007099.04423411,2954611.42845293
1399,2024-11-25,3995093.32170848,2955798.76799587
1400,2024-12-09,4007696.26828537,2970808.94202507
1401,2024-12-04,4011306.31657428,2972975.60250027
1402,2024-12-05,4015562.60994788,2978179.42827666
1403,2024-12-07,4024922.93813153,2958487.70602858
1404,2024-12-11,4009033.45090571,2956175.59779287
1405,2024-11-24,4025492.8490395,2958874.39884163
1406,2024-12-08,3996552.826616,2956704.18970157
1407,2024-12-08,3991801.56622476,2946856.55668249
1408,2024-12-09,4014049.35294248,2958835.80949727
1409,2024-12-06,4006372.10009594,2954863.50847746
1410,2024-12-10,4004936.87835463,2952405.37231563
1411,2024-12-08,3992497.26373037,2955422.05593299
1412,2024-12-10,4020444.23274621,2950898.29706824
1413,2024-11-20,3994252.85992176,2974785.2529834
1414,2024-12-10,4025027.349808,2964665.15151933
1415,2024-11-28,4028383.69165818,2959820.25790919
1416,2024-12-10,4016080.46314522,2973896.0433644
1417,2024-11-27,3998874.99222266,2953381.97953697
1418,2024-12-03,3993025.8266264,2962555.63513898
1419,2024-11-27,4009577.30170181,2954568.13100614
1420,2024-12-04,4024894.54806415,2964000.10707373
1421,2024-12-06,4005185.59724094,2953275.17612684
1422,2024-11-25,3990961.09729651,2957542.13531809
1423,2024-11-28,4011759.27495984,2959142.96764047
1424,2024-11-29,3996907.49270788,2955865.16462666
1425,2024-12-09,4008971.82874823,2971553.35360674
1426,2024-11-28,4015072.30936985,2958485.82351315
1427,2024-12-05,4004956.43369057,2953966.84119087
1428,2024-12-07,3988031.58903431,2957396.23137564
1429,2024-12-11,4024421.86317706,2961142.24478515
1430,2024-12-10,4023337.22688869,2963828.47600968
1431,2024-12-07,4007141.17723039,2955818.89699515
1432,2024-12-09,3998560.00647284,2953566.01652242
1433,2024-12-12,4004423.88413649,2952929.63170883
1434,2024-12-06,4000640.5553207,2957068.78722412
1435,2024-12-11,4008606.48593966,2968375.01575201
1436,2024-12-05,4008763.91783933,2957551.51706406
1437,2024-12-03,3990809.72411814,2953011.98104112
1438,2024-12-08,4007842.34460343,2967981.62247899
1439,2024-12-03,3981368.81654142,2937748.14168693
1440,2024-11-20,4005957.95030613,2957235.44728688
1441,2024-12-09,4010569.20137085,2974441.71081401
1442,2024-12-09,4024910.58028294,2962708.83053594
1443,2024-12-11,3994973.62261246,2971592.89108013
1444,2024-12-03,4008794.99946349,2969292.69211738
1445,2024-12-03,4015128.32201707,2963297.17888574
1446,2024-12-08,4017217.62820637,2959777.68970734
1447,2024-12-04,3998778.92342108,2952419.60956355
1448,2024-12-06,4011842.83690342,2965544.36097843
1449,2024-11-25,4008968.54678633,2957675.84094134
1450,2024-12-01,4024157.46805621,2964918.87075322
1451,2024-11-17,4010021.32455242,2957100.86317026
1452,2024-12-08,4017946.592218,2964587.4800865
1453,2024-12-06,4017887.12659507,2974563.74943319
1454,2024-11-24,4007084.13065553,2954534.59265488
1455,2024-12-10,4022999.8625395,2963088.60755688
1456,2024-11-26,4014184.60911331,2954419.87500251
1457,2024-11-26,3983076.9367432,2947231.16160785
1458,2024-11-24,3996315.68607028,2954551.0870256
1459,2024-12-05,4004218.04906973,2953739.46530452
1460,2024-12-09,4004626.80792088,2962235.66398133
1461,2024-12-09,4008308.33678106,2956912.22609616
1462,2024-12-11,4018616.41200132,2966554.14359757
1463,2024-12-04,4021893.43730896,2962671.59537756
1464,2024-12-11,4015083.42989093,2981850.40490341
1465,2024-12-09,3990235.09539498,2952202.25240506
1466,2024-11-27,4000583.52299932,2979679.45440651
1467,2024-12-08,4007480.42882108,2958486.83913846
1468,2024-12-09,3986790.30861104,2960353.78618794
1469,2024-12-11,4001664.78348932,2970357.10608354
1470,2024-12-10,3981559.03084286,2934097.33425251
1471,2024-12-11,3982736.31040551,2961772.49425424
1472,2024-11-28,4002402.38630478,2975034.79929411
1473,2024-12-08,4023208.44454942,2962655.90339876
1474,2024-11-28,4027358.24006547,2963899.57789187
1475,2024-12-08,3992586.8683331,2957592.26181963
1476,2024-12-03,4007113.4964297,2956921.07891363
1477,2024-12-11,3993810.07552919,2956622.65988713
1478,2024-12-07,4000138.33525852,2958015.36454419
1479,2024-12-03,3989206.69330708,2961008.18837451
1480,2024-12-11,3999144.91699354,2955765.43710982
1481,2024-12-06,4033320.48447998,2961671.61236863
1482,2024-11-24,4003522.51544686,2952381.57567823
1483,2024-12-09,4018866.15992098,2964889.23898843
1484,2024-12-10,3994893.88081244,2942781.25456783
1485,2024-11-25,4007646.28220005,2964490.48696692
1486,2024-12-06,3998605.28064343,2958795.78979084
1487,2024-12-08,4002919.19273038,2968101.44289242
1488,2024-11-30,4015618.73179303,2964686.55085808
1489,2024-12-08,3997355.18190437,2954583.665742
1490,2024-12-10,3998248.17978617,2956072.24449304
1491,2024-12-07,3997854.49124836,2955026.77067671
1492,2024-12-06,4007913.31196532,2956324.2981899
1493,2024-12-03,3998830.6463612,2952972.07682196
1494,2024-12-12,3999751.75964506,2956317.12338162
1495,2024-12-10,4009190.3420049,2954966.39899567
1496,2024-11-23,4006393.48522631,2963201.75864379
1497,2024-12-15,4019737.78557917,2977537.63354763
1498,2024-12-11,4020064.75280027,2974949.41649897
1499,2024-12-07,4002777.38370576,2952893.45838131
1500,2024-12-11,3999499.78360856,2979789.92078441
1501,2024-12-14,4017545.13658089,2958300.81811885
1502,2024-12-08,4001496.16119737,2955530.48435666
1503,2024-12-09,4005469.94256284,2951661.83140085
1504,2024-12-01,4004060.96563962,2951417.68183113
1505,2024-12-10,4004814.72685927,2957743.33133208
1506,2024-12-07,4011364.22246394,2955426.05022007
1507,2024-12-07,3995572.54869405,2955682.99931426
1508,2024-12-07,4008049.67180981,2976885.43847156
1509,2024-12-13,3995038.34450774,2959507.19259792
1510,2024-12-12,4018832.98940751,2966225.49812788
1511,2024-12-09,4037566.13225421,2953483.94391261
1512,2024-12-16,4002202.16032246,2950968.68517718
1513,2024-12-10,4031397.29968679,2961570.4456096
1514,2024-12-10,3993164.19361081,2959426.78051839
1515,2024-12-13,4013749.38806042,2962175.54657478
1516,2024-11-26,4012977.81373384,2960759.95772757
1517,2024-11-30,4005067.60245671,2951528.41253591
1518,2024-12-09,4001727.54636532,2954436.00454593
1519,2024-12-11,4005678.16249815,2957227.04645455
1520,2024-12-14,4005648.22255538,2967355.2657471
1521,2024-12-13,4005829.06020666,2963451.72084333
1522,2024-11-28,4010742.94304159,2973964.53851314
1523,2024-12-08,4005581.76428265,2956334.53970461
1524,2024-11-29,4008837.81948306,2957975.28483798
1525,2024-12-07,3990059.84685428,2961055.75223569
1526,2024-12-13,3996681.11571829,2957228.19790811
1527,2024-12-09,4006707.93770268,2962420.96792525
1528,2024-12-01,4010287.55247676,2959423.37964306
1529,2024-11-28,4009223.5828754,2954323.04969343
1530,2024-12-10,4006004.29771723,2957115.1878441
1531,2024-12-08,3997325.60474577,2953013.31037787
1532,2024-11-25,4023880.68272428,2960187.03837866
1533,2024-12-13,4004984.33880021,2958204.99369359
1534,2024-12-06,4010334.60642788,2970084.69068282
1535,2024-11-26,4007528.50913335,2975962.45575237
1536,2024-12-04,4010691.68677291,2958532.36343747
1537,2024-12-05,4000110.03368988,2957309.30891577
1538,2024-12-13,4000269.94508676,2953509.48239885
1539,2024-12-14,3994992.5892422,2955012.01972992
1540,2024-11-25,4002927.70139981,2952368.95313997
1541,2024-11-25,4008815.57456868,2956124.27467522
1542,2024-12-02,3993177.69161503,2972624.91601271
1543,2024-12-11,4010118.81022402,2959531.52566627
1544,2024-12-14,4014507.91896376,2964731.15955028
1545,2024-12-11,3983788.20516482,2960824.12644011
1546,2024-12-11,4010912.32743735,2973363.18766153
1547,2024-12-15,4031553.46979237,2954309.7517118
1548,2024-12-06,4006568.3790884,2955699.64952548
1549,2024-12-12,4017991.7077016,2972377.78481148
1550,2024-12-12,4006614.02202624,2954465.05887099
1551,2024-12-17,4039705.38827898,2958039.9052215
1552,2024-12-13,3998633.76702149,2951540.49832233
1553,2024-12-14,3991517.80800098,2956530.67378707
1554,2024-11-22,3997780.08333881,2961041.65574717
1555,2024-12-11,3997454.80993292,2957790.2934943
1556,2024-12-05,4006158.59945451,2953407.14988815
1557,2024-11-26,4009759.92201924,2958143.39409462
1558,2024-12-08,4004891.00464948,2975859.92722133
1559,2024-12-18,4009681.95186681,2953553.06781861
1560,2024-12-01,4011434.2313522,2952945.60921863
1561,2024-12-15,4013119.19318511,2960542.66941473
1562,2024-12-14,4011281.5036699,2956123.84550332
1563,2024-12-10,3993371.36860936,2954495.70978587
1564,2024-12-09,4000592.85369917,2956650.86538616
1565,2024-12-10,3999112.6342867,2958934.7313323
1566,2024-12-07,3998424.51494331,2953163.26790218
1567,2024-12-09,4006992.74320324,2976083.72659698
1568,2024-12-13,3995897.54327435,2961979.67693407
1569,2024-12-09,3991289.09219726,2966950.23375292
1570,2024-12-13,4023628.67256696,2958628.13398327
1571,2024-12-13,4026878.20111886,2964244.43064299
1572,2024-12-13,3993772.02760003,2956053.08615203
1573,2024-12-17,4023535.90315946,2958744.05275061
1574,2024-12-12,4009081.7761221,2970230.46215056
1575,2024-12-11,4018603.43630181,2964077.12692114
1576,2024-12-02,4014348.44940009,2983771.23883876
1577,2024-12-11,4006324.27294391,2963403.89117316
1578,2024-12-01,4020892.96707285,2981911.59735972
1579,2024-12-09,3978293.91377447,2931487.56378304
1580,2024-12-05,4004078.75503804,2951263.1898794
1581,2024-12-12,4007180.39485851,2956410.34588051
1582,2024-12-16,4008608.23428724,2956683.61113082
1583,2024-12-13,3979322.82663676,2933717.07231032
1584,2024-12-13,3996177.25425338,2956948.66563335
1585,2024-12-10,3999341.11326386,2951723.8354072
1586,2024-12-04,4008755.46229607,2952630.54920998
1587,2024-12-13,3991616.58123831,2956499.47858405
1588,2024-12-16,4012378.04812919,2953244.57096791
1589,2024-11-24,4007815.09880716,2955663.15604954
1590,2024-11-22,4011427.36470527,2973063.64841487
1591,2024-12-14,3992025.59211737,2958163.01715675
1592,2024-12-11,4001918.05620619,2962805.93189628
1593,2024-12-12,4007629.93508661,2957493.83265016
1594,2024-11-22,4000846.99529466,2953499.28756421
1595,2024-12-01,4024952.17349428,2958973.93819682
1596,2024-12-11,4001326.35641015,2957475.56671539
1597,2024-12-10,4027082.50128856,2964151.19082678
1598,2024-12-10,3997062.03108886,2953992.34833959
1599,2024-12-13,3991076.71773785,2957845.97158234
1600,2024-12-16,4009363.82046672,2956396.25879468
1601,2024-11-27,4025639.62568913,2963269.27271449
1602,2024-11-25,3993619.28770264,2956110.46648753
1603,2024-12-17,4014041.64928967,2973126.01010335
1604,2024-12-09,4015090.91576531,2954884.94176364
1605,2024-12-15,4014138.455603,2973421.59330097
1606,2024-12-04,4015832.06088749,2984976.35988838
1607,2024-12-16,3996193.79195674,2956715.9734725
1608,2024-12-15,3999927.81868784,2954631.5300444
1609,2024-12-11,4011015.78606009,2957299.15240266
1610,2024-12-09,3996473.27414189,2955343.81975793
1611,2024-12-17,4001606.63487958,2956615.70945575
1612,2024-12-12,3987609.31405837,2958306.4220624
1613,2024-12-13,4016473.62837743,2958938.8616653
1614,2024-12-17,4002910.83525022,2960035.91667321
1615,2024-12-12,4006545.79721624,2962772.10723242
1616,2024-12-12,4008433.92893548,2953954.31190173
1617,2024-12-15,4006366.12742382,2955457.90006569
1618,2024-12-12,3995545.19413501,2956183.92459831
1619,2024-12-04,4012517.15494611,2959164.48706282
1620,2024-12-05,4008387.52767288,2957000.41967505
1621,2024-12-15,4013610.39913497,2976696.53363222
1622,2024-12-11,3992270.76556471,2974106.96782019
1623,2024-11-27,4010229.90004119,2955519.10908131
1624,2024-12-17,4013081.00585197,2955752.6379215
1625,2024-12-14,3998615.36415317,2952632.32510934
1626,2024-12-03,3997687.54544249,2956204.22277874
1627,2024-12-05,4023892.54986384,2962957.96522214
1628,2024-12-17,4005916.68803227,2953742.19181279
1629,2024-11-28,3989262.20577254,2960032.979099
1630,2024-12-15,3992361.72478221,2954876.25180898
1631,2024-11-29,4007034.2713164,2970625.32784347
1632,2024-12-11,4021536.38335316,2963164.71525325
1633,2024-12-16,3997805.13950378,2959716.6737492
1634,2024-11-25,4022166.38334546,2963056.0428506
1635,2024-12-16,3994461.5783631,2955766.56858991
1636,2024-12-17,4020869.60469089,2966230.92145618
1637,2024-12-19,4024674.99038638,2963409.22722028
1638,2024-12-08,3998740.25110685,2954820.98558724
1639,2024-12-05,3970738.49926861,2927035.98985462
1640,2024-12-17,4010083.12938674,2970538.25369155
1641,2024-12-19,4028754.6040056,2962594.1352037
1642,2024-12-13,4029820.78057982,2962955.09398694
1643,2024-12-07,4008436.29584991,2955751.17998577
1644,2024-11-29,4006167.79647992,2955301.77794591
1645,2024-12-16,4002906.58541016,2951384.6863534
1646,2024-12-14,4000291.15366224,2967508.24260319
1647,2024-12-03,4008085.91773384,2962996.12686959
1648,2024-12-11,4028385.77514793,2962657.78869444
1649,2024-11-24,4014753.16017792,2972602.4394417
1650,2024-12-12,3999428.96549868,2951800.20851628
1651,2024-11-25,4007573.36342567,2951086.03865656
1652,2024-12-04,3994218.05982399,2955586.83035508
1653,2024-12-16,4002569.5557552,2952582.12770092
1654,2024-12-13,4012645.32636369,2954101.09326903
1655,2024-12-15,3985663.50487239,2939772.60141862
1656,2024-12-13,4005381.97017937,2959291.5946013
1657,2024-12-16,4001182.14310001,2952958.05783636
1658,2024-12-19,4005527.68649837,2955074.74495765
1659,2024-11-25,3998549.09170246,2955951.60432039
1660,2024-12-12,4002320.03478426,2952373.78738066
1661,2024-12-16,4021679.68298922,2962646.20336982
1662,2024-12-15,3992381.07541862,2959434.30715483
1663,2024-12-04,4014126.7463167,2944593.54225415
1664,2024-12-06,4000438.42120362,2958485.73269191
1665,2024-12-13,3994752.20699852,2956712.71718729
1666,2024-12-21,4018220.29646246,2963763.86932639
1667,2024-11-29,4009296.17330698,2951276.23753552
1668,2024-12-21,3993894.86987434,2951311.21640799
1669,2024-12-15,4004378.67714616,2959773.54634119
1670,2024-12-03,4007293.19981615,2955637.33430013
1671,2024-12-14,4011580.027195,2959797.45292445
1672,2024-12-06,3998935.33371939,2951067.92713797
1673,2024-12-18,4024782.65505162,2960307.74098425
1674,2024-12-05,3979699.65587785,2930988.72683507
1675,2024-12-01,4010060.42338848,2957307.15408341
1676,2024-12-12,4010379.58208264,2956023.27100334
1677,2024-12-17,4012927.59780657,2955660.0054409
1678,2024-12-10,4017944.38119799,2951909.28951064
1679,2024-12-03,3992848.51387846,2957227.96888724
1680,2024-12-12,4031357.75999157,2964291.13319012
1681,2024-12-10,4016963.75417714,2975163.83223521
1682,2024-12-01,4003709.97845192,2951350.17554554
1683,2024-12-14,3996821.4011587,2961467.64433948
1684,2024-12-15,4001730.32966303,2954173.1546363
1685,2024-12-13,4013722.55127284,2975934.98746701
1686,2024-11-29,4009325.23639741,2952945.58666327
1687,2024-12-15,3995182.16983063,2968908.74010517
1688,2024-12-17,3984025.39951858,2960333.11294954
1689,2024-12-12,4013599.2901638,2961143.92177182
1690,2024-12-17,4002953.31955726,2975675.36912358
1691,2024-12-22,4005443.68783906,2956784.80536468
1692,2024-12-17,3990177.73650987,2960904.64342033
1693,2024-12-12,4008970.38264613,2955256.2646888
1694,2024-12-01,4006770.65613281,2955031.10201731
1695,2024-12-18,3999320.33055133,2978995.29855016
1696,2024-12-16,3996859.29620156,2956159.00412443
1697,2024-12-10,3990004.39950088,2942666.03572536
1698,2024-12-14,4004055.50769388,2969344.65111479
1699,2024-12-19,4026100.97272161,2958230.6094315
1700,2024-12-01,3991766.04631428,2958395.22246399
1701,2024-12-16,4015720.60936787,2958600.29983167
1702,2024-12-16,4027320.62708584,2961824.91642229
1703,2024-12-18,3998466.91551157,2959996.02130053
1704,2024-12-07,4005339.79343089,2952914.22447171
1705,2024-12-21,3983628.02630432,2943135.76868255
1706,2024-12-21,3999368.82847208,2954236.07626838
1707,2024-12-18,3999323.65828984,2951887.87949979
1708,2024-12-01,4016120.9123896,2964005.98526281
1709,2024-11-27,4007989.12947372,2963028.46628957
1710,2024-12-11,4000660.42510709,2958268.36496007
1711,2024-12-07,3989812.15522165,2953051.24218975
1712,2024-12-18,4015705.63387305,2959562.24127156
1713,2024-12-14,3997795.24057294,2958896.78679822
1714,2024-12-13,4004963.85042861,2954784.36829956
1715,2024-12-07,3996719.8882887,2961259.67991175
1716,2024-12-16,3999817.89526153,2955866.01665963
1717,2024-12-08,4012941.18924701,2958987.77756341
1718,2024-12-07,4005498.71820211,2978005.79936931
1719,2024-12-15,4008015.1657073,2968281.62191064
1720,2024-12-11,4016746.19197671,2951275.00856906
1721,2024-12-07,4004960.54141913,2953366.36422245
1722,2024-12-17,4014709.81729869,2957144.92558947
1723,2024-12-21,4015117.53554245,2976165.32165922
1724,2024-12-12,3989271.01487744,2959029.83065577
1725,2024-12-17,3995733.33696393,2956205.13008587
1726,2024-12-15,4020036.25602758,2965097.31000761
1727,2024-12-18,4012222.46792235,2973510.47262184
1728,2024-12-17,4012514.20628698,2959902.66919367
1729,2024-12-21,4009536.25712917,2955496.35313954
1730,2024-12-20,3997766.98161243,2955302.2537653
1731,2024-12-17,4029354.76387513,2960345.08224008
1732,2024-12-21,4013760.20426723,2957572.1107394
1733,2024-11-30,3994200.81980052,2955799.13120906
1734,2024-12-16,4005513.55759613,2955894.37189457
1735,2024-11-29,4017043.08922974,2965579.32976499
1736,2024-12-16,4011199.06071621,2955720.671616
1737,2024-11-24,4001721.19445047,2956734.2935401
1738,2024-12-15,4007208.88064778,2956916.01160305
1739,2024-12-15,4011951.58059086,2959428.80378584
1740,2024-12-22,4028176.12793631,2971323.51247466
1741,2024-12-18,4015179.28091699,2960129.34387924
1742,2024-12-16,4004280.82990833,2954619.4967882
1743,2024-12-17,4008331.98729911,2956615.57027484
1744,2024-12-07,4004316.77149894,2953216.23971658
1745,2024-11-28,4018010.96704663,2959181.35076276
1746,2024-12-16,4012526.44908437,2973162.24155063
1747,2024-11-30,3997486.8333056,2955121.87028732
1748,2024-12-18,3996547.25409991,2955812.25690041
1749,2024-12-05,3989008.14173613,2958780.28007077
1750,2024-12-15,4010063.05588595,2956777.49180371
1751,2024-12-16,3994244.89370339,2956572.12662552
1752,2024-12-18,4004469.18913432,2979090.44738945
1753,2024-11-27,4001248.0147396,2953323.3431982
1754,2024-12-17,3994449.60458745,2959911.72488128
1755,2024-12-02,3995805.95926169,2955786.4458094
1756,2024-12-17,4016788.55064447,2979065.76851197
1757,2024-12-16,4015541.74404701,2959436.92363606
1758,2024-12-04,3997469.53335556,2972978.2267632
1759,2024-12-01,3988975.11414522,2958822.51325944
1760,2024-12-08,4006904.41269641,2963693.55322578
1761,2024-12-16,4010161.8458852,2972118.60397184
1762,2024-12-21,3996614.41471673,2954129.56920478
1763,2024-12-14,4016208.74926785,2951977.82480114
1764,2024-12-19,3996571.98734215,2954425.98095057
1765,2024-12-07,3995328.42138792,2952356.34267891
1766,2024-12-18,3997517.51777784,2953200.4863947
1767,2024-12-23,3992949.27036967,2971063.35551427
1768,2024-11-30,4022166.48943959,2968229.08445782
1769,2024-12-20,4008731.84135185,2957204.44634602
1770,2024-12-17,3989154.66781645,2957289.95966581
1771,2024-12-10,3989481.70528653,2957673.52653543
1772,2024-12-17,4010532.01606542,2956218.374762
1773,2024-12-20,4005153.81104527,2951039.12654136
1774,2024-12-15,4014516.46503433,2960120.26214924
1775,2024-12-11,3997140.38944105,2956548.9413044
1776,2024-12-16,4004073.75592752,2953331.36376795
1777,2024-12-07,3992542.29945999,2954232.70173649
1778,2024-12-15,4008965.94320268,2952911.73282454
1779,2024-12-17,4011566.44250394,2959061.44025951
1780,2024-12-22,3998097.2325575,2957370.14147436
1781,2024-12-06,4007540.82631404,2956456.78358377
1782,2024-12-21,4007369.77059364,2962443.44850963
1783,2024-12-08,3994255.59346168,2961094.3450636
1784,2024-12-03,4017556.81678687,2964404.17355317
1785,2024-12-07,4022364.43610226,2962571.49162336
1786,2024-12-22,3996784.69010002,2957207.97993936
1787,2024-12-15,3992374.65356514,2949774.58696794
1788,2024-12-20,4015909.13877893,2959913.83765518
1789,2024-12-17,3987169.11481327,2951952.11725947
1790,2024-12-20,4025795.78451522,2959259.28825827
1791,2024-12-09,4000408.71225703,2978261.95146172
1792,2024-12-04,4025562.32520603,2962785.21090262
1793,2024-12-09,4012097.87675792,2967879.21967721
1794,2024-11-30,4008309.11003317,2955798.92915412
1795,2024-12-11,3993643.89431141,2971344.21433389
1796,2024-12-18,4008052.58659424,2971863.77323391
1797,2024-12-20,3997725.87964191,2971884.46789717
1798,2024-12-12,3998099.39198549,2952995.14881989
1799,2024-12-17,4016632.39067849,2964230.35568337
1800,2024-12-24,4008886.64133918,2955772.52702745
1801,2024-12-16,4016033.46768263,2970670.68710873
1802,2024-12-17,4011769.76849385,2960515.40871747
1803,2024-12-18,4002849.09628902,2942285.74177234
1804,2024-12-19,3990798.35418503,2952547.63703946
1805,2024-12-16,3993056.71994133,2957382.3484716
1806,2024-12-04,4008049.6394158,2964834.06119065
1807,2024-12-21,3998671.1036452,2956990.08197285
1808,2024-12-06,4012773.46771444,2949352.70419722
1809,2024-12-17,4007069.46907864,2957096.27487445
1810,2024-12-23,4000402.18133254,2954938.53736661
1811,2024-12-10,4009057.06938188,2944576.33937942
1812,2024-12-11,3985870.80542354,2959343.64004614
1813,2024-12-12,4024748.52821717,2964314.52608987
1814,2024-12-19,4006297.44622036,2956992.55353589
1815,2024-12-17,4022128.93190269,2967733.91771384
1816,2024-12-22,4003168.43519492,2958068.83631241
1817,2024-12-20,3999453.64341286,2952590.54537214
1818,2024-12-20,4040411.75911695,2955689.91711063
1819,2024-12-17,4008395.13356062,2955504.76292387
1820,2024-12-23,3994681.4139526,2968427.1711443
1821,2024-12-19,4007688.78431984,2979749.14645732
1822,2024-12-06,3995003.97498426,2955467.23726447
1823,2024-12-25,4003772.86111411,2955628.30411089
1824,2024-12-18,4006462.20469296,2964593.4269711
1825,2024-12-18,4006945.41866181,2977215.48941431
1826,2024-12-22,3995941.22021517,2956713.48917611
1827,2024-12-17,4009027.41132354,2977528.28971417
1828,2024-12-21,4013407.4312654,2976219.67650321
1829,2024-12-16,4001893.19880288,2967357.06328967
1830,2024-12-26,4005054.01840829,2954570.71021731
1831,2024-12-19,4014254.10843565,2959758.01698086
1832,2024-12-23,3985438.38240257,2961255.93452126
1833,2024-12-22,4028478.0255164,2964139.89446205
1834,2024-12-19,4024893.86393509,2960012.74705424
1835,2024-12-22,4005230.04675817,2971107.97462226
1836,2024-12-01,4007717.90957629,2956210.25587903
1837,2024-12-14,4006167.98058661,2956994.72027139
1838,2024-12-20,4007839.63376897,2959297.36379485
1839,2024-12-17,4011755.48148367,2975202.94333268
1840,2024-12-17,3990490.75513819,2960494.59067826
1841,2024-12-04,3979246.76262335,2946210.93634598
1842,2024-12-15,4013527.34029832,2971459.00696354
1843,2024-12-20,4004138.93784019,2956827.13764876
1844,2024-12-13,4018311.27637298,2966627.97311059
1845,2024-11-28,3997429.70749181,2954842.3817672
1846,2024-12-13,3999844.42540911,2954035.23795585
1847,2024-12-03,4001985.86723798,2954464.74605545
1848,2024-12-16,3997816.01965418,2961156.20726112
1849,2024-12-20,4029081.54676181,2960892.43917223
1850,2024-12-19,3995037.40217512,2957840.62879857
1851,2024-12-14,4005665.53124101,2955773.43311578
1852,2024-12-09,4005328.68861094,2952427.20106245
1853,2024-12-19,4000307.34845077,2954605.28536964
1854,2024-12-22,3989535.62015105,2959249.79375602
1855,2024-12-10,3997558.97717604,2952347.69225984
1856,2024-11-28,4028049.89665202,2962022.51780583
1857,2024-12-03,4014355.47902197,2959441.80723955
1858,2024-12-21,4002466.57600908,2955105.8598359
1859,2024-12-21,3992812.98087026,2956971.58040978
1860,2024-12-17,4012367.52994019,2972138.57384879
1861,2024-12-21,4012124.99635899,2972000.53310894
1862,2024-12-21,4010153.95648003,2955577.73973804
1863,2024-12-10,4010610.72324801,2957135.24162357
1864,2024-12-06,4007646.69042513,2955802.37912826
1865,2024-12-19,4010995.4824392,2978413.9660136
1866,2024-12-21,4006615.11986637,2951547.66481285
1867,2024-12-22,3993817.90009616,2957090.78818572
1868,2024-12-05,3994977.31894903,2959922.4731993
1869,2024-12-23,3999601.58421803,2954814.66704716
1870,2024-12-19,4021689.14444163,2967374.3311315
1871,2024-12-13,4021374.11968555,2968908.75452179
1872,2024-12-11,4004214.54262012,2955613.52484004
1873,2024-12-20,4001592.27592728,2955226.98938407
1874,2024-12-22,3992963.61142808,2959836.69068463
1875,2024-12-19,3994341.66601088,2968623.24376156
1876,2024-12-06,3998448.34985646,2952394.05721613
1877,2024-12-11,4005054.9960527,2956625.18922919
1878,2024-12-20,3989915.06632012,2952808.16140185
1879,2024-12-14,3992865.0702159,2961823.44610639
1880,2024-12-18,4006882.89063542,2956307.32645508
1881,2024-12-22,3998378.18565069,2945075.43710015
1882,2024-12-21,3994028.04566904,2949119.54797452
1883,2024-12-22,4007451.90243287,2962539.72809128
1884,2024-12-19,4023987.58373342,2963525.08162456
1885,2024-12-15,4009540.87651469,2978126.3469508
1886,2024-12-25,4017025.51997763,2988073.73627998
1887,2024-12-22,4012407.35134208,2959245.91772138
1888,2024-12-20,4026810.56826736,2991192.91150359
1889,2024-12-18,4011102.79402317,2972690.10721024
1890,2024-12-25,4021378.35174301,2963637.72584977
1891,2024-12-16,4015390.81388194,2964324.71381229
1892,2024-12-12,4001180.53697854,2953811.44410691
1893,2024-12-19,4009277.2278811,2969251.03571134
1894,2024-12-22,4012939.76369547,2972188.27790583
1895,2024-12-19,4003338.28257583,2957276.37735229
1896,2024-12-24,4001505.45915007,2956936.89688987
1897,2024-12-23,4007299.75945262,2977360.16431476
1898,2024-12-12,4024769.76569281,2964517.44601342
1899,2024-12-25,3994822.85544574,2961901.71514767
1900,2024-12-13,4008320.45393965,2958391.81205682
1901,2024-12-20,4010924.07340021,2956402.79071727
1902,2024-12-06,4009803.6720346,2955723.18958471
1903,2024-12-24,3998488.82089463,2954988.28919299
1904,2024-12-23,4003342.11997339,2950028.24476625
1905,2024-12-18,4012486.61422953,2944908.51823218
1906,2024-12-14,4029472.56029936,2960974.42527297
1907,2024-12-08,4007945.43503893,2954280.79142528
1908,2024-12-18,4012332.23974089,2959581.27439148
1909,2024-12-22,4006911.90897296,2955810.71325385
1910,2024-12-21,4008879.15697727,2970223.4626701
1911,2024-12-08,3994213.32995118,2955866.21897841
1912,2024-12-25,4039272.4346463,2955880.47341023
1913,2024-12-10,4024943.98788499,2963676.74533298
1914,2024-12-08,4008235.12090844,2953250.36688514
1915,2024-12-29,4023220.06245002,2968959.19859531
1916,2024-12-20,4012682.79315452,2972215.58839639
1917,2024-12-25,4002525.4674788,2962753.23821549
1918,2024-12-23,4009769.40587247,2978770.97291951
1919,2024-12-24,4017983.90179845,2960077.13316378
1920,2024-12-27,4016191.05805425,2958990.51644338
1921,2024-12-17,4006328.77659621,2970398.26679289
1922,2024-12-18,4000660.01195487,2942103.40646142
1923,2024-12-23,3998540.54846481,2941680.27223924
1924,2024-12-14,4000575.47728922,2957640.89768402
1925,2024-12-13,3991030.53287492,2956664.35757803
1926,2024-12-16,3990360.7819736,2957280.99655642
1927,2024-12-02,4002196.28468974,2954041.10635246
1928,2024-12-24,4016114.08120605,2959617.65518345
1929,2024-12-27,4014143.17174225,2961233.05620739
1930,2024-12-19,4009794.23482706,2955513.23681251
1931,2024-12-09,3996923.01942217,2955146.63836575
1932,2024-12-22,4008365.32794846,2976970.93215653
1933,2024-12-10,4005238.36206817,2968692.21390942
1934,2024-12-21,3998727.17785008,2952858.81124598
1935,2024-12-24,4013532.02638799,2960354.40882681
1936,2024-12-23,4010290.86401089,2966713.06782603
1937,2024-12-08,4009031.52832239,2954600.77859074
1938,2024-12-08,4011959.49485495,2973341.30127329
1939,2024-12-16,4034723.13020183,2956109.43463929
1940,2024-12-21,3993475.56836449,2957103.27632197
1941,2024-12-20,3991486.28160681,2958421.68097273
1942,2024-12-09,4006586.20305654,2957612.00498353
1943,2024-12-23,4009495.5585105,2975145.37579294
1944,2024-12-21,4010231.3756349,2967682.76969831
1945,2024-12-23,3997993.38030299,2955611.65801619
1946,2024-12-20,4006083.7851821,2956382.30818714
1947,2024-12-18,4020046.31700202,2952875.33017794
1948,2024-12-24,4006060.57282979,2955539.9481752
1949,2024-12-22,3997198.18047308,2957808.50735161
1950,2024-12-22,4010882.19346301,2965950.87011592
1951,2024-12-06,4008929.55153638,2957270.58388111
1952,2024-12-24,4006383.22943242,2955380.14437651
1953,2024-12-21,4008209.92210609,2956610.3778052
1954,2024-12-11,4008895.57345499,2974857.36417313
1955,2024-12-01,4003418.54130617,2974306.24540289
1956,2024-12-08,4024095.60801704,2962356.80424459
1957,2024-12-24,4009128.41657378,2974617.91348201
1958,2024-12-23,3993365.96480743,2955281.98860091
1959,2024-12-24,4013434.25911693,2982849.93864978
1960,2024-12-06,4007351.90925904,2963200.03905694
1961,2024-12-14,4008422.39943768,2954715.40458332
1962,2024-12-24,4005285.46623319,2956672.2486551
1963,2024-12-22,4004679.89739402,2953658.04645527
1964,2024-12-26,3996404.50474609,2955563.53681158
1965,2024-12-25,4006451.23803655,2955510.00710648
1966,2024-12-19,4005085.29086007,2956240.30739166
1967,2024-12-23,4003957.17713131,2954329.51152543
1968,2024-12-20,4004492.36037271,2952726.87111456
1969,2024-12-24,4010672.00153645,2958499.4020644
1970,2024-12-06,4001462.43074843,2955969.05424227
1971,2024-12-11,4023425.75010007,2969015.34945217
1972,2024-12-28,4008818.85730037,2950512.2949493
1973,2024-12-05,4000898.10238407,2954755.88458756
1974,2024-12-20,4022575.91287949,2965415.6769941
1975,2024-12-26,4011168.46446861,2968244.83905494
1976,2024-12-24,4011187.71108239,2958115.02291089
1977,2024-12-07,4006520.32824552,2950140.46485135
1978,2024-12-05,4012616.06150054,2956220.98783199
1979,2024-12-24,4003462.5297421,2969382.11961282
1980,2024-12-23,4025340.89090837,2962127.77506917
1981,2024-12-23,3989175.15159603,2959390.18995374
1982,2024-12-21,4010062.74988071,2957808.90139339
1983,2024-12-21,3996313.30976363,2961757.40165944
1984,2024-12-28,4004956.61471389,2963226.3322207
1985,2024-12-09,4006879.25279244,2963700.03228358
1986,2024-12-23,4014640.79620784,2972882.20740699
1987,2024-12-11,4018453.98911439,2966694.56142752
1988,2024-12-19,3977675.876598,2928986.10001787
1989,2024-12-22,4006684.11591054,2977651.94762285
1990,2024-12-21,4024615.69749227,2961642.1969841
1991,2024-12-22,4019939.33388954,2980776.64264533
1992,2024-12-20,3998817.8868995,2958735.60978192
1993,2024-12-23,3998140.64247068,2955815.81781461
1994,2024-12-23,3997590.73095996,2959890.23042584
1995,2024-12-25,4010758.67812953,2957660.87792863
1996,2024-12-26,4022998.14499142,2960452.54924634
1997,2024-12-26,4000232.30971665,2957067.26995043
1998,2024-12-22,4004431.32600887,2954517.08231739
1999,2024-12-23,3995733.19524385,2955659.05616229
2000,2024-12-11,3998737.34655354,2957431.49554502
2001,2024-12-26,4023420.95529378,2984833.08322371
2002,2024-12-21,4006953.86855759,2969623.04737859
2003,2024-12-08,3987410.52887942,2956431.08646507
2004,2024-12-21,4023933.23678866,2964351.04801378
2005,2024-12-24,4025292.41729926,2963391.58410745
2006,2024-12-24,3997902.82831056,2953697.31135807
2007,2024-12-22,3993615.74476461,2950265.67245528
2008,2024-12-21,4006527.89378557,2954815.55247829
2009,2024-12-25,3998189.41903134,2955001.16693489
2010,2024-12-24,3990656.53950236,2951761.4276724
2011,2024-12-24,4032115.29791919,2956021.96616386
2012,2024-12-27,4004299.55824545,2969708.65624549
2013,2024-12-29,4024080.61239368,2964540.10295714
2014,2024-12-12,3984976.93688501,2961084.16294344
2015,2024-12-07,3999747.52719494,2957252.91153524
2016,2024-12-22,3989153.44902643,2961539.89925083
2017,2024-12-21,4028525.03474857,2960146.40565914
2018,2024-12-12,4026453.18285794,2963628.59927609
2019,2024-12-24,4024578.1331026,2964055.5874567
2020,2024-12-24,4024743.07508612,2961195.24904715
2021,2024-12-20,4004674.94146983,2958930.39334645
2022,2024-12-25,4008452.95125581,2967281.27468195
2023,2024-12-25,4011855.28486713,2958723.19718508
2024,2024-12-10,4000437.28557084,2957842.03800447
2025,2024-12-21,3988982.36028109,2959831.54443428
2026,2024-12-22,3981751.25664758,2938032.57296301
2027,2024-12-20,4002316.99339687,2958916.33757254
2028,2024-12-08,3996417.97124103,2957633.90472979
2029,2024-12-28,4026452.40720992,2964072.71132994
2030,2024-12-22,4025467.35401395,2959115.0866118
2031,2024-12-23,4004586.37317138,2955680.77004224
2032,2024-12-26,4000137.73469706,2956921.65604951
2033,2024-12-28,3988648.42098154,2955574.9353684
2034,2024-12-26,3996042.39718311,2963087.07141989
2035,2024-12-15,4023771.42195231,2959889.03608693
2036,2024-12-07,4024371.78720571,2963294.79494075
2037,2024-12-24,4010536.13542639,2975038.94166745
2038,2024-12-21,4004188.38783628,2956122.39335587
2039,2024-12-09,3989102.6503109,2960598.12350631
2040,2024-12-22,4022731.68579392,2968321.3205962
2041,2024-12-13,4012592.29618015,2955336.66500891
2042,2024-12-27,4003445.20024573,2954326.60548595
2043,2024-12-22,3991637.33354511,2954193.68165051
2044,2024-12-25,4015658.86850708,2959317.80309233
2045,2024-12-11,4007946.97278122,2956812.1283981
2046,2024-12-28,3996576.73346558,2955190.81077981
2047,2024-12-30,4003486.43625106,2953810.29796322
2048,2024-12-22,4000608.63337775,2959568.70814985
2049,2024-12-21,3987275.83029814,2943135.93937736
2050,2024-12-04,4013825.83787369,2973990.86067945
2051,2024-12-27,4010686.54665274,2968748.47938248
2052,2024-12-25,4004727.22503914,2959351.38667513
2053,2024-12-28,4025067.59759431,2962199.57699671
2054,2024-12-24,3991368.34286131,2967584.27613897
2055,2024-12-11,3999339.8345236,2970180.05898185
2056,2024-12-27,4012141.5726079,2977327.04596425
2057,2024-12-24,4022274.55038733,2960447.50580009
2058,2024-12-23,4005306.20862082,2951868.17470948
2059,2024-12-26,4014463.88706967,2958304.14184654
2060,2024-12-07,4008048.19376505,2955946.89357862
2061,2024-12-26,3993879.65929583,2957204.04670636
2062,2024-12-27,3999237.88784938,2955633.1206271
2063,2024-12-08,4007096.37377798,2954808.26475814
2064,2024-12-10,4006593.04495792,2969297.03480946
2065,2024-12-23,4004088.73550023,2956137.23892827
2066,2024-12-26,4007372.65917018,2955731.97837544
2067,2024-12-11,4053862.15105957,2952705.20621491
2068,2024-12-27,4014214.35481242,2968531.92922526
2069,2024-12-28,4005876.33732709,2957710.4385495
2070,2024-12-27,4004675.97111059,2976143.03696301
2071,2024-12-25,3998648.35283897,2968960.02970321
2072,2024-12-05,4000842.90315381,2955662.28830914
2073,2024-12-24,3996995.2886647,2958523.0323165
2074,2024-12-05,3992444.67395602,2965312.01042243
2075,2024-12-06,3981222.30933802,2934250.51636743
2076,2024-12-07,4001622.37935857,2955813.9255813
2077,2024-12-26,3991300.64228531,2956914.54829885
2078,2024-12-27,4001238.808667,2968555.42644752
2079,2024-12-24,3984080.97619752,2961701.69020214
2080,2024-12-26,4006052.66763819,2953062.32925875
2081,2024-12-26,4015157.82143195,2958354.25234778
2082,2024-12-26,4008426.876362,2956791.36417612
2083,2024-12-29,4016585.36028136,2964214.7844244
2084,2024-12-24,3987690.61592808,2960071.78367808
2085,2024-12-29,3996441.58037707,2968936.52455426
2086,2024-12-22,4005665.31378152,2953772.03475412
2087,2024-12-24,4013549.29387239,2975240.9926879
2088,2024-12-22,3996441.91618644,2957829.75522904
2089,2024-12-25,4008850.96750351,2956216.85512469
2090,2024-12-24,4009156.91023333,2976472.77649323
2091,2024-12-06,4009505.38829735,2951423.26713679
2092,2024-12-28,4002153.83390618,2958061.79385394
2093,2024-12-22,4028499.08895577,2959241.92399102
2094,2024-12-29,4004948.16745296,2974894.56495585
2095,2025-01-01,3994123.80354099,2958531.35133992
2096,2024-12-17,4013921.43507551,2958640.06367585
2097,2024-12-26,4003614.25853316,2953584.24167142
2098,2024-12-24,4013961.28184819,2959362.9634356
2099,2024-12-11,4023950.42644884,2966428.52645996
2100,2024-12-24,4011293.38932352,2961001.26360313
2101,2024-12-22,4010718.87560568,2957072.35545749
2102,2024-12-13,4010306.12296281,2952866.89995454
2103,2024-12-28,4018865.68821594,2982417.88317436
2104,2024-12-27,4023479.36577247,2965181.53543499
2105,2024-12-20,3991239.05118399,2959605.57162015
2106,2024-12-23,4008202.96710174,2951185.66493902
2107,2024-12-26,4027278.68588661,2962629.59029778
2108,2024-12-14,4008373.74118099,2968334.7897027
2109,2024-12-27,4009034.28274517,2952461.53700364
2110,2024-12-29,4001148.5603616,2958721.2117618
2111,2024-12-26,4016587.17630894,2982619.78013763
2112,2024-12-27,3990654.52518254,2958042.6567182
2113,2024-12-25,4003730.94303977,2956368.4279853
2114,2024-12-23,4001432.16108448,2953200.37706391
2115,2024-12-25,3994326.61234434,2957187.52367686
2116,2024-12-27,4005257.53482608,2956500.78298293
2117,2024-12-28,4010308.68481232,2955788.17348481
2118,2024-12-13,3996474.59369297,2954517.69621662
2119,2024-12-30,3993450.55741501,2957393.28933406
2120,2024-12-14,4001815.6096788,2951513.30131581
2121,2024-12-20,4005808.911531,2979700.79808274
2122,2024-12-30,4000066.31307736,2958536.05814557
2123,2024-12-24,3995182.70008126,2957229.7734274
2124,2024-12-10,3998306.43480972,2952179.74692864
2125,2024-12-27,4008608.1199118,2956399.32523444
2126,2024-12-20,4014051.84237816,2959573.5252597
2127,2024-12-27,4006902.11862869,2965190.96271077
2128,2024-12-26,4000247.95013298,2952851.0840099
2129,2024-12-30,4013341.69994335,2955569.81447651
2130,2024-12-26,4000447.87312448,2955150.1901216
2131,2024-12-22,3994216.80035306,2955392.84441853
2132,2024-12-26,4007536.3352765,2963907.25072484
2133,2024-12-17,3992421.83035989,2953571.55023336
2134,2024-12-25,4016317.88764897,2983252.53311627
2135,2024-12-27,3994970.80695122,2951608.35367842
2136,2024-12-29,4008111.01075621,2956889.98017795
2137,2024-12-12,4010910.8670074,2959595.27232246
2138,2024-12-13,4002910.15508355,2956275.00073712
2139,2024-12-04,4022695.53235125,2962335.63442762
2140,2024-12-27,4003989.18321878,2957120.32897345
2141,2024-12-29,4015485.43864005,2965112.69051417
2142,2024-12-28,4025152.1115299,2961518.80408713
2143,2024-12-28,4012003.38849453,2971939.32360619
2144,2024-12-18,4000363.60506126,2953116.53157811
2145,2024-12-25,3999571.15518626,2952016.3409719
2146,2024-12-28,4015099.54896819,2955032.94466572
2147,2024-12-22,4026097.67420009,2963595.25377501
2148,2024-12-25,3989227.52836099,2956222.37050069
2149,2024-12-09,4005269.96127427,2959024.24298573
2150,2024-12-10,4024307.10849857,2958965.63708716
2151,2024-12-12,3999428.35307196,2954198.84109372
2152,2024-12-30,4005559.1768197,2954893.4707109
2153,2024-12-28,3998490.15706502,2956700.96304086
2154,2024-12-28,4001538.4698203,2952730.3710188
2155,2024-12-27,4030294.40988121,2961039.920915
2156,2024-12-24,4005466.4750324,2960784.21793743
2157,2025-01-01,4011171.10710844,2956508.38755474
2158,2024-12-28,4009100.56220322,2969412.5057893
2159,2024-12-27,4011220.95189788,2975499.19228089
2160,2024-12-10,3987919.10319572,2961030.96558023
2161,2024-12-25,4004611.16030346,2953024.02981779
2162,2024-12-24,4012506.23195288,2977974.96237697
2163,2024-12-25,4013353.14622375,2956031.6966888
2164,2024-12-26,4005074.79546674,2955152.03507228
2165,2025-01-01,4010570.22275992,2969982.48972479
2166,2024-12-28,3983187.86857825,2954905.82111373
2167,2024-12-25,3994609.87388287,2957637.76983067
2168,2024-12-30,4011345.28280108,2973410.08232916
2169,2025-01-01,4007799.77912929,2977471.12396664
2170,2024-12-28,3983647.61227736,2960783.43013668
2171,2024-12-27,4027670.29708085,2969229.62220865
2172,2024-12-27,4025716.7298237,2958350.36743093
2173,2025-01-01,4024602.15959859,2963328.07830439
2174,2024-12-23,4003744.84051174,2978082.64410985
2175,2024-12-13,3996646.25667314,2958001.45352395
2176,2024-12-25,4036497.3797061,2954456.03385062
2177,2025-01-01,4007945.59608049,2969834.02198005
2178,2025-01-01,3990598.33833562,2960250.5882828
2179,2025-01-01,4000338.44136965,2954972.0984628
2180,2024-12-30,4002935.15624769,2975360.74989415
2181,2025-01-01,4031509.49446226,2962413.04395122
2182,2024-12-12,4006955.87577074,2954425.27145134
2183,2024-12-29,4025348.28745475,2962919.57814039
2184,2024-12-28,4012644.27559796,2959890.02175707
2185,2024-12-16,4022802.65059042,2961263.2983756
2186,2024-12-28,3988993.61605386,2957063.53751704
2187,2025-01-01,3999033.57483238,2957430.47197289
2188,2024-12-25,3996452.97962012,2958736.77059685
2189,2024-12-30,3999703.26280543,2953969.14172284
2190,2025-01-01,4020005.4091244,2951693.61326065
2191,2024-12-18,3998845.38401794,2953704.53751497
2192,2024-12-29,4010080.48351146,2957822.26292258
2193,2024-12-25,4014886.50421073,2960612.90382358
2194,2024-12-16,4029240.67404521,2962166.41064611
2195,2024-12-18,4022515.75031233,2967518.25117913
2196,2024-12-23,4005682.19945591,2968541.19008025
2197,2025-01-01,4004457.70091597,2976701.87134469
2198,2024-12-24,4008477.18908849,2955266.65272428
2199,2024-12-16,4005463.36788778,2952341.0729765
2200,2024-12-30,4031119.05075947,2959238.28628705
2201,2024-12-29,3988908.73091963,2959668.86326648
2202,2024-12-28,4031465.12078106,2960288.7459042
2203,2024-12-30,3990874.34680752,2952241.27842849
2204,2024-12-29,3996358.39266647,2955618.88584453
2205,2025-01-01,3998943.61477752,2976310.49094134
2206,2024-12-30,3981428.61721592,2963113.5720617
2207,2024-12-22,4022816.05711611,2962254.1165803
2208,2025-01-01,3984166.12683672,2947984.71965142
2209,2025-01-01,4006947.03997221,2955231.30569973
2210,2024-12-30,3988912.70944653,2954189.85584975
2211,2025-01-01,4012403.51669174,2960607.37905052
2212,2024-12-12,4012771.71948336,2957250.45701379
2213,2024-12-28,4010870.56319071,2951550.78055311
2214,2024-12-20,3999891.89806528,2960937.09485024
2215,2024-12-22,4010686.72208983,2979519.29931112
2216,2025-01-01,3988435.63681832,2950691.82512855
2217,2025-01-01,4024213.20308282,2964794.00161743
2218,2024-12-26,4007797.14710547,2955636.11380235
2219,2024-12-28,3997923.6175216,2956772.11932649
2220,2024-12-09,3999434.65950963,2958010.4232262
2221,2024-12-24,4024325.12874803,2965863.95612182
2222,2024-12-14,4007365.94786099,2955008.20769351
2223,2024-12-28,4011715.30404632,2979346.86319243
2224,2024-12-30,4016771.37873025,2985323.93205329
2225,2025-01-01,4016144.72536418,2978505.99949074
2226,2024-12-30,4030897.29447681,2962426.96950777
2227,2024-12-30,3997127.55750279,2952890.50772918
2228,2024-12-18,3973941.44360706,2927756.56637047
2229,2024-12-17,4022646.94230325,2976875.50715073
2230,2024-12-27,4024478.32653304,2959878.58087511
2231,2024-12-29,4004615.09697237,2957050.53632002
2232,2025-01-01,4009334.64735696,2951901.95030111
2233,2024-12-28,3997605.82559408,2956291.39510124
2234,2025-01-01,4025332.10192898,2958901.98867507
2235,2024-12-29,3990142.75841931,2976594.047442
2236,2025-01-01,4021527.59246786,2962508.04901888
2237,2024-12-27,4017544.68417129,2966590.25310088
2238,2024-12-25,3998784.22259421,2952172.67059523
2239,2024-12-29,4035686.23919363,2955457.36859069
2240,2024-12-20,4002873.21562777,2951421.49816182
2241,2024-12-29,4020486.39636672,2977873.71599933
2242,2024-12-27,4010048.44666025,2968201.64447038
2243,2024-12-28,4014767.0222026,2952114.24372893
2244,2024-12-28,4005247.77564204,2954616.94302379
2245,2024-12-15,3997573.73973591,2955732.76444623
2246,2024-12-12,3991377.33135328,2957455.53697984
2247,2025-01-01,4005762.29300186,2956731.00415455
2248,2024-12-14,4011753.81481173,2972090.70673672
2249,2024-12-27,3990945.16714634,2953627.27656892
2250,2025-01-01,4005990.80530794,2953792.76819115
2251,2024-12-30,4009099.23546366,2956601.37377274
2252,2024-12-29,3997392.9421435,2954454.13532447
2253,2025-01-01,4011217.16192662,2960938.94075202
2254,2025-01-01,4001326.73289182,2958068.2242942
2255,2025-01-01,3993259.96825249,2957766.72763229
2256,2024-12-26,4013423.40062779,2975417.50144515
2257,2025-01-01,4006005.46523563,2968048.68190819
2258,2024-12-26,4005690.42461102,2956931.41290934
2259,2025-01-01,3994063.94230988,2958508.87817744
2260,2025-01-01,3994345.76871077,2956398.96756013
2261,2024-12-29,4008803.5535582,2953837.74137311
2262,2024-12-25,4000743.01975232,2955673.15985842
2263,2024-12-20,4016451.40343059,2964523.70010646
2264,2024-12-16,4024251.47513109,2963961.88606724
2265,2024-12-22,4037806.54323268,2954719.36480736
2266,2024-12-14,4005328.76658427,2962709.82955403
2267,2024-12-27,3991989.32402007,2958157.49613736
2268,2025-01-01,4003353.45096381,2952844.07991132
2269,2025-01-01,4009272.87395625,2957286.43328994
2270,2024-12-29,4002893.71462717,2956298.04491694
2271,2024-12-16,3995325.81613725,2956916.78719506
2272,2024-12-17,4000530.7865082,2970747.86624214
2273,2024-12-29,3990662.50958483,2952024.94171085
2274,2024-12-28,3996991.5824074,2955641.15535447
2275,2024-12-30,4004018.72745484,2955470.43485108
2276,2025-01-01,4024214.92098448,2962601.9847741
2277,2024-12-16,4033622.09446378,2961514.25720376
2278,2025-01-01,4013795.00969801,2971544.73634869
2279,2024-12-16,3996269.07637258,2971807.73724646
2280,2024-12-26,4009649.00468358,2969990.21323756
2281,2024-12-15,3995085.69309959,2958708.71811214
2282,2025-01-01,4013497.50995489,2955139.75875412
2283,2024-12-29,4011809.08067155,2960040.4158011
2284,2025-01-01,4009379.15764794,2958028.12881167
2285,2025-01-01,4023882.11400593,2972694.64269168
2286,2024-12-13,4012506.70947877,2953011.32493889
2287,2025-01-01,4033379.57872712,2965982.48147136
2288,2024-12-28,3995928.8296158,2955732.29234561
2289,2025-01-01,3995569.51824527,2956567.23039378
2290,2025-01-01,4002396.76277721,2959418.08980005
2291,2024-12-13,3987311.39611658,2956245.53559452
2292,2024-12-28,4013306.07821835,2949832.4043383
2293,2025-01-01,4016940.60951536,2977968.78716702
2294,2025-01-01,4023689.35696005,2959460.98731407
2295,2024-12-11,4014803.1668326,2979560.42093574
2296,2024-12-16,3990582.04748071,2952904.38871206
2297,2024-12-24,4000334.67620584,2951979.59497902
2298,2024-12-21,4016279.14275343,2966722.25560758
2299,2025-01-01,4003887.41681785,2953494.67604582
2300,2025-01-01,4001741.32304818,2963318.95467897
2301,2025-01-01,4000299.87225238,2953626.75248821
2302,2025-01-01,4004955.96538815,2953590.13505257
2303,2025-01-01,4012114.28659474,2973246.51890317
2304,2025-01-01,3997468.250806,2954905.74785272
2305,2024-12-28,4022864.5454678,2965315.28416652
2306,2025-01-01,3993255.93550341,2962910.31388366
2307,2024-12-12,4002782.25349425,2953814.26051699
2308,2024-12-17,4022692.82839585,2961496.06988581
2309,2024-12-19,4011643.397138,2959559.17657858
2310,2024-12-20,4016558.723241,2955225.83046602
2311,2025-01-01,4008451.2437158,2969294.11232652
2312,2025-01-01,4008049.68031881,2956051.58633277
2313,2025-01-01,4009947.62219379,2969827.67432258
2314,2025-01-01,3993820.54048547,2956774.77208359
2315,2025-01-01,4006963.87786989,2955713.98015472
2316,2025-01-01,4007308.28572482,2957121.63946669
2317,2025-01-01,4001776.4035028,2979589.74627248
2318,2024-12-29,3997970.85540952,2960240.96378681
2319,2024-12-24,3999911.94879352,2955567.89423714
2320,2025-01-01,3990752.5367525,2961035.18987376
2321,2025-01-01,3993852.11322744,2966891.94634256
2322,2025-01-01,3983546.78810441,2962367.52276311
2323,2025-01-01,3985819.55430174,2951250.04520827
2324,2024-12-15,3991070.95386871,2957176.47507534
2325,2024-12-29,4012793.24642864,2970403.76186178
2326,2025-01-01,4000873.6902809,2952523.79504481
2327,2025-01-01,4004484.08097129,2955347.05902103
2328,2024-12-29,4013849.01098221,2959481.61808917
2329,2024-12-28,4005175.35096594,2955115.59806727
2330,2025-01-01,3995669.28477279,2956490.22480069
2331,2025-01-01,4003146.68358154,2968202.42772387
2332,2025-01-01,4005868.08494757,2953678.236417
2333,2024-12-30,3988622.5306974,2960598.61401729
2334,2024-12-20,4008642.99988436,2954156.40347451
2335,2025-01-01,4002942.55081064,2956562.7127489
2336,2025-01-01,4005482.83756899,2955687.25850311
2337,2024-12-14,3997423.06791399,2954815.69905973
2338,2025-01-01,4013385.74803733,2983440.53896013
2339,2025-01-01,4018890.7677208,2968047.20250446
2340,2025-01-01,4018433.72824709,2956575.94414851
2341,2024-12-21,4025129.52167176,2964360.3751368
2342,2025-01-01,3996340.49626857,2956945.91063961
2343,2024-12-14,4016016.44305762,2959521.8848359
2344,2025-01-01,4020113.04754313,2976300.8580511
2345,2025-01-01,4029770.5576173,2961816.43788275
2346,2025-01-01,4031573.7617479,2959710.36110517
2347,2025-01-01,3993882.35289401,2957274.36735932
2348,2024-12-16,4032848.47173256,2960695.58862687
2349,2024-12-15,4005946.3356561,2958560.42501695
2350,2024-12-16,3998384.01704454,2955281.44630804
2351,2025-01-01,3998429.85497644,2956859.67346272
2352,2025-01-01,4009352.29034156,2957427.25480908
2353,2024-12-26,3997239.96233522,2956824.89668841
2354,2025-01-01,3973650.28184794,2928399.58304328
2355,2024-12-19,4011970.18309792,2971671.0116876
2356,2025-01-01,3986938.51117721,2958364.42140727
2357,2024-12-19,4010376.07309438,2958849.7656529
2358,2024-12-25,4004238.8811003,2953107.92448425
2359,2024-12-30,4023436.8499825,2960563.82300982
2360,2024-12-29,3985229.38030608,2933572.73097676
2361,2024-12-22,4005465.11040203,2957794.98365348
2362,2025-01-01,4001173.22872174,2951678.41097588
2363,2025-01-01,4001031.81798738,2946134.50098055
2364,2025-01-01,4000307.57461714,2955434.68592136
2365,2024-12-27,4013523.38412262,2961852.4739231
2366,2025-01-01,4014096.46778318,2951332.9754003
2367,2025-01-01,4004947.48673033,2953060.15994741
2368,2024-12-17,4003869.76869611,2952918.63286354
2369,2024-12-23,3985378.6146769,2957130.59598815
2370,2024-12-17,4004746.15161078,2956078.80332555
2371,2024-12-30,4008876.56573885,2954616.71391668
2372,2024-12-25,4006725.7450945,2955561.9669703
2373,2024-12-16,4012220.02617411,2959917.02244376
2374,2025-01-01,3998198.82622675,2940496.0116241
2375,2025-01-01,3996384.59019565,2954606.74659635
2376,2024-12-20,3999647.52396464,2962304.37792948
2377,2025-01-01,3996162.06705211,2956929.66512885
2378,2024-12-29,3989532.75863729,2961195.52464006
2379,2024-12-25,4016900.66326146,2975573.95682566
2380,2025-01-01,4006630.4454557,2955031.44911553
2381,2024-12-12,4023001.87602525,2965322.05563017
2382,2025-01-01,3999543.586947,2952513.06959373
2383,2024-12-11,4022230.4220003,2962816.70832196
2384,2024-12-30,4017347.5872889,2973747.06873563
2385,2025-01-01,4020845.76907871,2963462.13318022
2386,2025-01-01,4010279.28922013,2955463.35563826
2387,2025-01-01,4006103.40811967,2955841.13969277
2388,2024-12-24,4022523.1577458,2967431.8332055
2389,2024-12-27,4010428.21096191,2965868.66728353
2390,2025-01-01,4007822.20890492,2952605.40190606
2391,2025-01-01,4006411.68596437,2954981.12735402
2392,2025-01-01,4009115.28249241,2967861.34845206
2393,2025-01-01,4017313.69655578,2982286.72067021
2394,2025-01-01,4003557.14088431,2956484.11919579
2395,2025-01-01,3990409.56782697,2957671.43666186
2396,2024-12-30,3988692.52140527,2961176.98336205
2397,2024-12-28,3989838.56989676,2958556.2000473
2398,2024-12-29,4007903.01582835,2968932.24645085
2399,2024-12-14,4000590.1091414,2957958.91312491
2400,2025-01-01,3994817.59142015,2954613.93559935
2401,2025-01-01,3996998.28031734,2954696.53740973
2402,2024-12-24,3998005.83506127,2954375.90692023
2403,2025-01-01,4012565.65171866,2949645.05303428
2404,2025-01-01,4012430.35603331,2973058.12880285
2405,2025-01-01,4006909.17221021,2964594.29905052
2406,2025-01-01,4001655.97947293,2969610.61733614
2407,2025-01-01,3981681.37434542,2963207.70643604
2408,2025-01-01,3993077.2524592,2958986.69582271
2409,2024-12-30,4002541.42742454,2954329.05100758
2410,2025-01-01,3995139.9459047,2954759.53820775
2411,2024-12-16,4006867.97781891,2965183.98482387
2412,2025-01-01,3998552.39220013,2955394.6896249
2413,2024-12-19,4000437.02333112,2954152.03812482
2414,2025-01-01,3993877.88435413,2958994.51846785
2415,2025-01-01,4030785.22864615,2960759.04105146
2416,2024-12-30,3992362.691509,2959626.41586347
2417,2025-01-01,4004727.34608411,2956939.434057
2418,2025-01-01,3981219.39824204,2960141.67654823
2419,2024-12-29,4001820.45959786,2953120.86555449
2420,2024-12-15,3991242.6542939,2960960.5828792
2421,2025-01-01,4023563.91929794,2968820.37690718
2422,2024-12-30,4011003.52135108,2979166.82540139
2423,2025-01-01,3999379.15732997,2962691.52835282
2424,2024-12-30,4013370.80083734,2951227.52268486
2425,2024-12-30,3983536.29671652,2960413.09186701
2426,2024-12-19,4003796.82031265,2968275.60678985
2427,2025-01-01,4010054.30159512,2969616.56141265
2428,2025-01-01,4014125.48844122,2975618.24915298
2429,2024-12-30,4009321.56305755,2966887.1317043
2430,2024-12-26,4004935.25353816,2956332.36072395
2431,2024-12-24,4006913.3539744,2961718.46051024
2432,2025-01-01,3991395.50515266,2958369.41209332
2433,2025-01-01,4021248.87705188,2953220.73968923
2434,2024-12-29,4022170.92903478,2955046.84206983
2435,2024-12-30,3993119.03861531,2955036.8876315
2436,2024-12-16,4007112.32041774,2964041.44708853
2437,2025-01-01,4007726.3217165,2962348.85078183
2438,2025-01-01,4007074.33721318,2954573.8622155
2439,2025-01-01,4023010.94622994,2960930.56938149
2440,2025-01-01,4010022.91743693,2958879.10038169
2441,2024-12-24,4003290.06112729,2955987.25835496
2442,2025-01-01,3987957.47349749,2959603.48928696
2443,2025-01-01,4010965.38995945,2956331.82784761
2444,2025-01-01,3997470.43626062,2952909.86489442
2445,2025-01-01,4004541.99688574,2952567.97509009
2446,2025-01-01,4023638.16995152,2963861.01879074
2447,2025-01-01,4003696.21811583,2977205.81194787
2448,2024-12-23,3990179.11257405,2959723.85532198
2449,2025-01-01,4004480.03396207,2953689.73165285
2450,2024-12-24,3994134.72276279,2957431.31538797
2451,2024-12-25,4023738.20823828,2963374.85336004
2452,2025-01-01,4002299.34341579,2957928.88995634
2453,2025-01-01,4008909.78407856,2953229.35429105
2454,2024-12-24,3987880.33566176,2961066.77732966
2455,2025-01-01,4026749.98665097,2963392.84549197
2456,2025-01-01,4026161.11117031,2963058.42305249
2457,2025-01-01,4032099.85665678,2962976.20352096
2458,2025-01-01,4023867.48028225,2962267.65610709
2459,2025-01-01,4002880.49071469,2970370.9120127
2460,2025-01-01,4006061.47852204,2954906.289982
2461,2025-01-01,4008599.67269428,2957669.58682384
2462,2025-01-01,3991194.09568498,2976618.3526939
2463,2025-01-01,3993235.9828154,2973818.015748
2464,2025-01-01,4008644.89894057,2977094.67217989
2465,2025-01-01,3996271.15916926,2955869.7066016
2466,2025-01-01,3998037.890352,2954993.31758989
2467,2025-01-01,4002670.50758067,2952080.70714962
2468,2024-12-25,4010898.45187278,2970533.31420839
2469,2025-01-01,4006160.71382156,2955733.61294365
2470,2025-01-01,4005414.51016145,2943623.89907401
2471,2025-01-01,4004564.8178276,2956493.75137627
2472,2024-12-28,4020935.78764905,2967392.96132332
2473,2025-01-01,4000813.33649573,2952357.11233001
2474,2025-01-01,4002170.25596013,2956327.89797609
2475,2024-12-23,4020908.18275896,2976969.61223823
2476,2025-01-01,4026189.25141217,2963182.25710942
2477,2025-01-01,4021830.13937091,2962828.46474495
2478,2025-01-01,3992990.35885482,2957006.36732685
2479,2024-12-13,4003438.13888363,2957107.71192869
2480,2024-12-18,4006554.92425222,2963548.17834466
2481,2024-12-22,3994007.58016564,2954223.68695006
2482,2024-12-23,4013664.97304971,2958503.61374138
2483,2024-12-25,4012739.70996624,2958819.01766859
2484,2025-01-01,4007610.16295318,2963087.38148215
2485,2024-12-19,4009186.42572038,2953402.0995165
2486,2025-01-01,3996277.68140427,2954083.71249639
2487,2025-01-01,3999856.13929502,2958077.15020264
2488,2024-12-29,3983544.70900135,2957596.71064352
2489,2025-01-01,4040495.80545918,2964871.7704482
2490,2024-12-27,3999394.482453,2955356.14919568
2491,2024-12-18,3992495.77193826,2958720.55710133
2492,2024-12-24,3990534.05812965,2968353.35043928
2493,2025-01-01,4022799.9890791,2959538.78773377
2494,2024-12-21,3978838.34413278,2936634.14929161
2495,2024-12-20,4020574.52201435,2963997.15786259
2496,2024-12-27,3998617.7729732,2951985.10095816
2497,2024-12-18,4023584.30613627,2964266.08047593
2498,2024-12-18,3991632.157848,2959105.10726857
2499,2025-01-01,4030057.64104692,2960889.7777284
2500,2025-01-01,4016022.86092273,2960365.90585721
2501,2024-12-23,4005385.1409158,2957675.30842428
2502,2024-12-17,3993875.72819274,2954690.41053174
2503,2025-01-01,4011787.10635424,2971124.99315234
2504,2025-01-01,3992585.59807717,2957075.49576677
2505,2024-12-28,3986528.93426349,2957921.05549785
2506,2024-12-18,3999128.44155059,2959703.99448595
2507,2025-01-01,4012054.00945068,2969958.20911712
2508,2025-01-01,4026791.22737664,2963341.94466999
2509,2025-01-01,4005185.79583562,2937707.23311492
2510,2025-01-01,3998642.18759928,2957956.61365451
2511,2025-01-01,3983931.18489925,2960040.51035262
2512,2025-01-01,4033360.48010887,2960293.55692468
2513,2024-12-22,4006648.71405089,2955797.49745999
2514,2025-01-01,4013567.97012635,2962071.23116281
2515,2025-01-01,4003361.81961844,2952767.49496678
2516,2024-12-24,4002051.49976206,2952639.32995176
2517,2025-01-01,3989088.75972911,2957784.48575099
2518,2024-12-19,4015806.12089967,2985147.84517871
2519,2025-01-01,4024599.09377573,2991465.61777341
2520,2024-12-24,4009732.5395864,2952486.35833398
2521,2025-01-01,3998897.15560441,2941740.79237371
2522,2025-01-01,4005895.75439941,2954700.54151096
2523,2025-01-01,4005077.80195597,2950894.45120567
2524,2025-01-01,4003239.27662932,2955053.60718035
2525,2024-12-23,3992958.56821879,2956334.08101586
2526,2025-01-01,4001796.98825596,2956504.71911957
2527,2025-01-01,4008137.49536242,2962895.70506192
2528,2025-01-01,4004923.00230666,2962808.25158422
2529,2025-01-01,4021182.64692408,2964674.25655232
2530,2025-01-01,4024265.00945581,2963664.13526432
2531,2024-12-21,4014531.05076892,2987702.94491683
2532,2025-01-01,4000365.56871619,2956101.22998762
2533,2025-01-01,4005401.30188594,2953949.53032993
2534,2025-01-01,4029136.98738457,2963198.69727672
2535,2024-12-27,4005002.29221776,2953950.17693394
2536,2025-01-01,4012350.22443007,2976399.10924382
2537,2025-01-01,4020708.08860792,2964331.8599488
2538,2025-01-01,4008629.04220632,2976642.95206218
2539,2025-01-01,3999908.81182565,2968204.34408829
2540,2024-12-30,4020339.2802875,2965114.35292399
2541,2025-01-01,3993842.97245757,2957451.72550071
2542,2025-01-01,4007903.92121562,2954888.69766592
2543,2025-01-01,3996192.74981746,2955330.00226642
2544,2025-01-01,3981271.39184363,2958912.56115219
2545,2025-01-01,4027715.38924983,2961163.07678956
2546,2025-01-01,4008962.25598598,2967215.24290598
2547,2025-01-01,4027354.82371011,2963162.84062417
2548,2025-01-01,4013065.064882,2956107.2339303
2549,2025-01-01,4007086.9751931,2951748.49342907
2550,2025-01-01,3997290.87566597,2955168.67473867
2551,2024-12-22,4015066.94197354,2959910.95701988
2552,2025-01-01,4012361.1238932,2960210.25234059
2553,2025-01-01,4005963.53743992,2957325.80801675
2554,2025-01-01,3993175.49201686,2957133.63445404
2555,2025-01-01,4022095.41377737,2958442.02982102
2556,2024-12-22,4004438.91720456,2959081.01691238
2557,2024-12-26,4009413.25078935,2959840.90679227
2558,2025-01-01,4003270.0428553,2957920.90520724
2559,2025-01-01,4023889.61718508,2963300.55079474
2560,2025-01-01,4000107.34634269,2957924.45861003
2561,2025-01-01,4016597.35681245,2960365.3060818
2562,2025-01-01,3997775.86647571,2957391.99617846
2563,2025-01-01,4012392.48508335,2958521.55169793
2564,2025-01-01,4024745.05940943,2959904.32320804
2565,2025-01-01,4016999.49985311,2965065.44219304
2566,2025-01-01,4007780.40768182,2972076.18898039
2567,2024-12-30,4022360.68181109,2967253.73140227
2568,2025-01-01,3994684.21589173,2953915.94633551
2569,2025-01-01,4023287.85767493,2963655.68437929
2570,2025-01-01,4012506.48709125,2959799.39566414
2571,2025-01-01,4005459.76597755,2958387.2347176
2572,2025-01-01,4007852.81636757,2956161.70505918
2573,2024-12-29,4023110.37253941,2961483.15960257
2574,2025-01-01,3987980.95991276,2959601.60639192
2575,2024-12-20,3988098.41678954,2961559.9855595
2576,2025-01-01,4006492.16943317,2958342.64074995
2577,2025-01-01,4017077.57508849,2971362.35534525
2578,2024-12-23,4024276.59757627,2962313.56086554
2579,2024-12-22,4014629.27443509,2982615.21125245
2580,2024-12-24,3989002.25833474,2958447.96145551
2581,2025-01-01,4002899.77785333,2956381.50290796
2582,2024-12-17,3995361.85211016,2956016.54908167
2583,2025-01-01,3997714.45908749,2955733.26656808
2584,2025-01-01,3998205.18253118,2952786.37162784
2585,2024-12-19,4004299.42471379,2953390.34074491
2586,2025-01-01,3991563.90944274,2968372.13050372
2587,2024-12-30,3992394.06119165,2968370.49804223
2588,2025-01-01,4024886.08262687,2959769.35413061
2589,2025-01-01,3997485.04190896,2955681.16989927
2590,2025-01-01,4007703.44754765,2972795.43626137
2591,2025-01-01,3987625.8592862,2958112.8458872
2592,2025-01-01,4012582.53569118,2961038.83144339
2593,2024-12-17,4006939.64485766,2964539.45793912
2594,2025-01-01,4007972.0678885,2954267.52107905
2595,2024-12-27,4001026.57978929,2953448.94759574
2596,2025-01-01,4006984.36326984,2951386.12241607
2597,2025-01-01,4000020.92557632,2958453.688495
2598,2024-12-21,3989231.75995436,2952606.57027075
2599,2025-01-01,3988869.79356404,2953970.11058713
2600,2024-12-19,4015759.55950459,2950689.76322401
2601,2025-01-01,3999989.34339554,2958033.07892894
2602,2025-01-01,4012903.00402742,2960059.40357609
2603,2024-12-26,4009786.59679847,2953080.87338701
2604,2025-01-01,4013329.22621505,2959434.67963571
2605,2025-01-01,3988324.88927971,2958223.35621225
2606,2025-01-01,4005227.87394803,2955017.01540005
2607,2025-01-01,4008564.48539966,2966263.43985805
2608,2025-01-01,3997500.22613293,2956705.93775184
2609,2025-01-01,3982979.73052097,2961059.53000104
2610,2024-12-26,4023440.68013694,2962060.84253755
2611,2025-01-01,4005805.61357881,2975256.91856858
2612,2024-12-21,4010314.31341625,2955990.28687897
2613,2025-01-01,3991828.89439784,2959281.54085171
2614,2025-01-01,3997324.3331482,2955390.80958316
2615,2025-01-01,4025091.45241666,2969628.71945751
2616,2025-01-01,3986124.44896938,2954412.21534466
2617,2025-01-01,3992001.11119555,2945236.44851748
2618,2024-12-23,3997646.9828797,2956485.74946572
2619,2025-01-01,4039393.46981037,2955475.09505488
2620,2025-01-01,4002880.0672181,2956260.3984649
2621,2025-01-01,4011497.35159927,2960446.01823666
2622,2025-01-01,4012119.175024,2958303.56320634
2623,2025-01-01,4009925.10111556,2978799.615829
2624,2025-01-01,3992565.06162712,2961750.07581601
2625,2024-12-20,3995824.56690463,2959088.87414779
2626,2025-01-01,4013448.64437409,2956197.76841283
2627,2024-12-19,4010698.63893688,2974873.31652089
2628,2025-01-01,4010618.26238832,2955513.73364168
2629,2025-01-01,4025859.75179611,2962968.9252812
2630,2024-12-19,4026746.73024675,2959823.0376312
2631,2024-12-24,3998989.17969779,2960273.21414776
2632,2025-01-01,4006303.26838564,2955813.95156101
2633,2025-01-01,3992239.49942336,2958933.11942214
2634,2025-01-01,4012276.93511697,2974575.19555775
2635,2025-01-01,4022619.51049699,2962728.6442023
2636,2025-01-01,4008770.50117427,2954663.79741179
2637,2025-01-01,3992943.62614061,2959495.02805412
2638,2024-12-25,3986053.63416738,2960997.63478503
2639,2024-12-20,4013115.94055134,2957038.56526765
2640,2025-01-01,4019629.71620168,2967192.38783434
2641,2024-12-24,4012908.26443415,2960304.29043943
2642,2024-12-24,3996811.37923949,2953675.12443314
2643,2025-01-01,3999260.12153925,2962645.26384531
2644,2024-12-26,4015496.49960215,2965071.36838832
2645,2025-01-01,4014241.26478176,2960524.10511228
2646,2025-01-01,4012914.64437997,2975071.51475202
2647,2024-12-18,4027531.39345842,2962064.73629085
2648,2025-01-01,3990168.25776511,2950789.25847968
2649,2025-01-01,4026618.95267003,2962307.93988177
2650,2025-01-01,4007322.91064462,2973077.80464255
2651,2024-12-30,3999642.27225983,2952212.34718161
2652,2025-01-01,4008421.14220352,2971247.94662016
2653,2025-01-01,4008220.46109064,2952386.12367324
2654,2025-01-01,4023447.4340585,2964686.15505671
2655,2025-01-01,3995616.51144783,2955741.19110933
2656,2025-01-01,4007832.81967918,2955206.22125954
2657,2025-01-01,3993221.12433433,2955169.82987124
2658,2024-12-20,3997095.39595581,2956311.42531586
2659,2025-01-01,3986545.50547719,2942938.59378491
2660,2025-01-01,4012704.8652805,2950790.38144458
2661,2025-01-01,4008289.87341032,2950841.87224381
2662,2025-01-01,4001234.88122833,2962802.47044162
2663,2025-01-01,4006896.88536992,2955169.56081025
2664,2025-01-01,3992962.06108797,2955117.94454451
2665,2024-12-21,3987087.90626347,2954950.36115157
2666,2025-01-01,4009611.54953314,2957120.9868643
2667,2025-01-01,4009359.54002947,2955418.49771783
2668,2025-01-01,3997813.59234639,2953514.10912139
2669,2025-01-01,3992863.04471693,2959798.03075352
2670,2024-12-23,4005961.10181674,2955343.10760725
2671,2025-01-01,3988604.09371821,2953874.99871394
2672,2025-01-01,4003907.21760464,2959850.60751761
2673,2024-12-30,4013804.73298208,2958739.35241629
2674,2025-01-01,4001293.08232364,2941194.47187071
2675,2024-12-16,4010266.91397134,2957158.10640199
2676,2025-01-01,4010425.50746163,2956296.04220564
2677,2024-12-26,3993876.33903091,2969907.63667178
2678,2025-01-01,4008353.43564702,2976377.61475747
2679,2025-01-01,4003485.05132605,2956821.09909369
2680,2025-01-01,4004701.71195847,2952773.72222955
2681,2024-12-29,4009685.30974934,2957577.58716895
2682,2024-12-22,3997041.68584994,2971755.64151638
2683,2024-12-17,4025721.24708751,2963700.55987506
2684,2025-01-01,4029360.65170792,2962132.03996816
2685,2025-01-01,4004139.28736232,2953243.61249978
2686,2024-12-18,4007662.6248733,2955203.0175433
2687,2025-01-01,4025359.1494834,2961635.40615769
2688,2024-12-24,4003648.19859804,2959196.93803192
2689,2024-12-28,3994100.81428087,2962782.07934564
2690,2025-01-01,4003091.30112482,2973789.20023607
2691,2024-12-25,4004988.09143735,2953073.87192342
2692,2025-01-01,3990180.25987255,2956984.36794901
2693,2025-01-01,4001965.36072616,2951494.02873492
2694,2025-01-01,3998493.22446026,2959766.82322592
2695,2025-01-01,3989127.06138467,2973221.05331232
2696,2024-12-22,4024484.60751821,2958917.3784458
2697,2025-01-01,4008549.58017601,2959599.86042304
2698,2025-01-01,4001837.965623,2957668.76563711
2699,2025-01-01,4026069.38856763,2963779.33480533
2700,2024-12-20,4005812.39753143,2968905.12871008
2701,2024-12-20,3993920.38827694,2958321.09696802
2702,2025-01-01,4020543.41063327,2964521.21116652
2703,2024-12-20,4010748.55186136,2958078.79035707
2704,2025-01-01,3997237.60677023,2968960.68853183
2705,2025-01-01,4019817.87983735,2977662.70426717
2706,2025-01-01,3999258.23021782,2957996.50903269
2707,2025-01-01,3997836.76867814,2946177.89819709
2708,2025-01-01,3993188.86303045,2966835.21951449
2709,2025-01-01,4024880.90096553,2962295.27179122
2710,2024-12-29,3999426.90489601,2954654.86756999
2711,2024-12-24,4003201.9491065,2969080.80637399
2712,2025-01-01,3991127.69928358,2973764.32530029
2713,2025-01-01,4006999.77863179,2980512.67061705
2714,2025-01-01,3982539.9184664,2958255.52434328
2715,2024-12-26,4027591.69633836,2964026.63379096
2716,2025-01-01,4017112.36153823,2966824.11626001
2717,2025-01-01,3986486.33269833,2952985.27466082
2718,2024-12-22,4012479.96157442,2974911.26920779
2719,2025-01-01,4018050.96776893,2966582.17886751
2720,2025-01-01,4002958.17245076,2969582.28915995
2721,2025-01-01,4003268.58268895,2969802.37625174
2722,2025-01-01,4012152.9573047,2965549.80279434
2723,2025-01-01,4004727.01906178,2957970.17362413
2724,2025-01-01,4004265.89057119,2970106.97885727
2725,2025-01-01,4008652.25344389,2970938.15710353
2726,2025-01-01,4002107.57120022,2952689.88096595
2727,2025-01-01,4013784.09918087,2975000.19378787
2728,2024-12-30,4007104.75056774,2954556.97290559
2729,2025-01-01,4005570.33923361,2952861.88176227
2730,2025-01-01,4008030.30399376,2967240.91197788
2731,2025-01-01,3996521.30770908,2955452.1594668
2732,2024-12-27,4013275.6645126,2961103.4606595
2733,2024-12-28,4010507.80346203,2955766.44930553
2734,2025-01-01,4000228.53673454,2957900.98379331
2735,2025-01-01,4012893.94060772,2969415.30040969
2736,2025-01-01,4028009.29747275,2963754.56126043
2737,2025-01-01,4003928.64537785,2952306.54917696
2738,2025-01-01,3993155.94351004,2957696.3504392
2739,2025-01-01,3997702.86675135,2956161.59000714
2740,2024-12-28,3992509.90679534,2956010.49428254
2741,2025-01-01,3998174.87355642,2958704.75934008
2742,2025-01-01,4037222.33141645,2965653.02939535
2743,2025-01-01,3997464.30079784,2953602.72744346
2744,2025-01-01,4011926.30771825,2952701.42240968
2745,2025-01-01,3998200.39582937,2951960.93728114
2746,2025-01-01,4002131.96646288,2953975.52089667
2747,2024-12-27,4003698.07194624,2953575.95103086
2748,2025-01-01,3991516.53556532,2957000.00159361
2749,2025-01-01,3998798.80335228,2953681.98606427
2750,2025-01-01,3977310.41977253,2937874.46274112
2751,2025-01-01,4027960.4921697,2962922.18400306
2752,2024-12-23,4011692.24917863,2956755.39373309
2753,2025-01-01,3992712.40987343,2957776.52870617
2754,2025-01-01,4039894.07896288,2956866.57187651
2755,2025-01-01,4004096.26095591,2957077.97306318
2756,2025-01-01,4028626.7207807,2961191.23840524
2757,2024-12-24,4009241.89702961,2956264.02756621
2758,2024-12-20,3998961.53211991,2958191.06810049
2759,2024-12-24,4014307.23752333,2980646.86975462
2760,2025-01-01,4003754.90445788,2954649.65097824
2761,2025-01-01,3991499.48966222,2957763.55579094
2762,2024-12-22,4007828.58471691,2952964.44598827
2763,2024-12-20,4009613.42280177,2973102.58987399
2764,2025-01-01,3978935.12722215,2927349.45801916
2765,2025-01-01,3996921.11660364,2956681.81755286
2766,2025-01-01,3999883.8640733,2944562.06109831
2767,2025-01-01,3994402.79932477,2955427.57187593
2768,2025-01-01,4006142.36166378,2953617.1506296
2769,2025-01-01,4010924.65030219,2958160.89741301
2770,2025-01-01,3995299.62352252,2971593.7765728
2771,2025-01-01,4012506.81305351,2960983.35225308
2772,2024-12-24,3989473.08849663,2959498.09547967
2773,2025-01-01,4008137.61722423,2955669.77440092
2774,2025-01-01,4001406.32610399,2952823.24129126
2775,2025-01-01,4002901.48069631,2967989.24733888
2776,2025-01-01,3998160.31121879,2957322.03915294
2777,2025-01-01,4015452.46825234,2967746.28896607
2778,2025-01-01,4000486.08553505,2959959.29185992
2779,2025-01-01,4011050.85112778,2957141.47074945
2780,2025-01-01,4000119.03822903,2953519.5913644
2781,2024-12-22,4011553.31717684,2975264.53100922
2782,2025-01-01,3992475.34680392,2956752.31744294
2783,2025-01-01,4014513.18760616,2974695.78385281
2784,2024-12-23,3976424.63446462,2929438.37506037
2785,2025-01-01,4008198.89630781,2963151.53530819
2786,2025-01-01,3996599.3278802,2955342.5540282
2787,2024-12-25,3994153.39588649,2955990.42258226
2788,2025-01-01,3998600.16036295,2958352.52247356
2789,2024-12-30,4010192.07826662,2955145.41821657
2790,2025-01-01,3998228.91543119,2956824.27074087
2791,2025-01-01,4016514.43219953,2952526.36395325
2792,2025-01-01,4002731.03007023,2952418.8886975
2793,2025-01-01,4004857.52556979,2956454.39929199
2794,2025-01-01,4030260.46578447,2961321.43501059
2795,2025-01-01,3988782.09659197,2957977.25759624
2796,2025-01-01,3999961.08487443,2958557.1231943
2797,2025-01-01,4009699.75020062,2968975.21783313
2798,2024-12-25,4012189.69906555,2960226.47647754
2799,2025-01-01,4003078.94726001,2957166.55908489
2800,2025-01-01,4000843.88832705,2953888.27145038
2801,2025-01-01,3990291.68990502,2947852.6426368
2802,2025-01-01,4000518.75401888,2941204.50221117
2803,2025-01-01,4008043.98214453,2962574.06800928
2804,2025-01-01,4010659.07988769,2957425.81581504
2805,2025-01-01,4011139.71280873,2955551.74707024
2806,2025-01-01,3984600.3946353,2959675.32282918
2807,2024-12-23,4024673.62007327,2959108.06733867
2808,2025-01-01,3994507.30762118,2955080.19662912
2809,2024-12-28,3989164.5849611,2942906.82344227
2810,2025-01-01,4004695.37462555,2953953.15966981
2811,2025-01-01,3991171.97767622,2956706.11136319
2812,2025-01-01,4020927.99753732,2989141.65300885
2813,2024-12-26,3995202.74645288,2956622.44533809
2814,2025-01-01,4003160.76959598,2952362.8423582
2815,2024-12-24,4036267.43144018,2961508.1984316
2816,2025-01-01,4009546.1309677,2955319.54067062
2817,2025-01-01,4015017.69538242,2981966.24822192
2818,2024-12-28,4001095.76266025,2970467.87059378
2819,2025-01-01,3999392.07412512,2955620.55050601
2820,2025-01-01,3999212.67773721,2956137.16902729
2821,2025-01-01,4000936.2457262,2969815.34435703
2822,2025-01-01,4001972.26240928,2951846.39936752
2823,2024-12-25,3993539.67022276,2956623.8951927
2824,2025-01-01,4020571.23286773,2967368.529817
2825,2024-12-21,4012464.93172555,2966672.97077281
2826,2025-01-01,3999427.21937181,2959854.02266043
2827,2025-01-01,4012839.95316735,2976349.63105436
2828,2025-01-01,4033000.29209971,2956119.96820554
2829,2024-12-29,4005083.92501993,2970955.4451418
2830,2025-01-01,3994846.99915303,2958554.73883027
2831,2025-01-01,4010010.99423527,2956924.52105962
2832,2024-12-22,4009850.1835373,2954288.4067159
2833,2025-01-01,3992652.53974724,2953743.6679043
2834,2025-01-01,4000662.26274401,2955316.27381143
2835,2024-12-22,3995962.86967533,2952978.81744545
2836,2025-01-01,4003830.21579044,2955239.92331543
2837,2025-01-01,3997824.16727657,2956717.64557991
2838,2025-01-01,4002420.21589244,2950787.37483131
2839,2025-01-01,4016025.5683589,2974174.02658198
2840,2025-01-01,4002815.59138077,2973151.58128629
2841,2025-01-01,3984316.02761626,2959980.6861578
2842,2024-12-23,3992965.64412041,2955865.52881106
2843,2024-12-24,4011366.36768593,2955164.75107861
2844,2025-01-01,3996564.54484589,2956962.9607159
2845,2025-01-01,4011200.45982992,2977261.12942194
2846,2025-01-01,3997292.77413577,2955538.66256444
2847,2024-12-22,4008413.68517342,2970334.14535961
2848,2025-01-01,3987935.31013847,2957926.94675583
2849,2024-12-26,3993617.91770383,2959814.33716109
2850,2025-01-01,4002352.81949931,2968771.69077032
2851,2025-01-01,3997965.00634042,2955676.3194858
2852,2025-01-01,3997904.51068287,2956401.409294
2853,2025-01-01,4032087.74231304,2962938.01659333
2854,2025-01-01,4003438.76906863,2958830.59686147
2855,2025-01-01,4004643.98419787,2957362.59911605
2856,2024-12-26,4010909.06307541,2974804.34989136
2857,2025-01-01,4025324.04918321,2959400.3786401
2858,2024-12-25,4009380.93513286,2953069.59311087
2859,2024-12-28,4009252.81689295,2953683.69738351
2860,2025-01-01,4012068.1895442,2971351.39361833
2861,2025-01-01,3991057.75529893,2951745.0313338
2862,2025-01-01,4024726.25294728,2964066.7884741
2863,2025-01-01,3998599.51701888,2944195.64231151
2864,2025-01-01,4015030.10391778,2960741.2156752
2865,2025-01-01,4020103.01323792,2976701.17823125
2866,2025-01-01,3995767.13388402,2956408.40387865
2867,2025-01-01,4004361.39920065,2955703.54696217
2868,2025-01-01,3986097.12940557,2957550.54069068
2869,2025-01-01,4002407.02598295,2958681.45064181
2870,2025-01-01,3996480.82942732,2956698.09499466
2871,2025-01-01,4013443.74035183,2973074.73512666
2872,2025-01-01,3996078.11101386,2954241.25106783
2873,2024-12-28,3991459.22768528,2959338.27307483
2874,2025-01-01,4038228.8997728,2955426.33868538
2875,2025-01-01,4011835.49673045,2959305.8651872
2876,2025-01-01,3993794.35314053,2948885.47209153
2877,2024-12-23,4008722.16572276,2976250.97493669
2878,2024-12-28,4014378.5943292,2983399.1041341
2879,2024-12-27,4004120.18230721,2956522.82766522
2880,2025-01-01,4002294.0221675,2967880.33771614
2881,2025-01-01,4029896.99749496,2961086.92324305
2882,2024-12-29,4027705.79400607,2962827.21940053
2883,2025-01-01,3991092.37087921,2958255.18290372
2884,2025-01-01,4004362.19033639,2952075.78169719
2885,2025-01-01,4006288.53696452,2955060.80166174
2886,2025-01-01,4010838.83917135,2959214.24100376
2887,2025-01-01,4003576.7485795,2975133.23957815
2888,2025-01-01,4010942.53921266,2958873.18028613
2889,2025-01-01,3993856.88570349,2955495.19405859
2890,2025-01-01,4008218.1817425,2954804.69787458
2891,2025-01-01,4008038.8537481,2962623.39060966
2892,2025-01-01,4015284.16033642,2987984.440572
2893,2024-12-23,4004646.48338174,2956937.12675054
2894,2025-01-01,4008874.9469248,2956966.43025089
2895,2024-12-22,3998140.04200136,2959611.56854744
2896,2025-01-01,3994643.34661103,2943633.20328823
2897,2025-01-01,4011175.78011698,2959982.47281925
2898,2024-12-23,3989812.84589509,2951784.04480767
2899,2024-12-24,4009200.22158897,2950482.71934206
2900,2025-01-01,4004407.86679273,2952349.45871298
2901,2025-01-01,4010239.17287833,2952365.56480058
2902,2025-01-01,4008597.06895358,2971615.64393262
2903,2025-01-01,4036762.55401198,2956375.63040419
2904,2025-01-01,3987121.29279107,2960311.65912326
2905,2024-12-23,4033727.48256491,2964214.55691445
2906,2025-01-01,4008293.03257679,2971683.94359238
2907,2025-01-01,4002441.18586835,2954061.51910937
2908,2025-01-01,4011331.59911141,2958699.98199106
2909,2025-01-01,4014667.74400925,2960690.59611476
2910,2025-01-01,4006858.78664547,2955829.63827214
2911,2025-01-01,3994368.53122791,2958640.84238195
2912,2025-01-01,4007212.96806344,2952906.05394152
2913,2025-01-01,4002293.69461041,2955788.26895779
2914,2025-01-01,3991571.21897099,2956979.09898382
2915,2025-01-01,4019418.33092902,2964831.05025363
2916,2024-12-29,4030395.71063936,2961391.30131355
2917,2025-01-01,4010475.17212523,2975833.62569466
2918,2025-01-01,3989161.08738946,2955829.20889486
2919,2024-12-27,4010042.50256082,2955320.78006601
2920,2025-01-01,3999300.49376513,2952303.53178229
2921,2024-12-29,4003767.63093413,2958475.51182077
2922,2024-12-30,4000134.10423747,2953390.9242539
2923,2025-01-01,4027122.71092512,2962326.44470798
2924,2025-01-01,3997901.31664413,2955117.58964642
2925,2025-01-01,4024478.37224115,2963469.77869745
2926,2025-01-01,4015112.55391479,2982871.688806
2927,2024-12-20,4017389.59685952,2985738.03535759
2928,2025-01-01,4016785.73853983,2951636.18749167
2929,2025-01-01,4038958.57564961,2959532.73774504
2930,2025-01-01,4025194.56776763,2962980.88970126
2931,2025-01-01,4025299.142118,2953684.889731
2932,2025-01-01,4010064.3520346,2955711.82166748
2933,2025-01-01,4010119.34728135,2972199.74773379
2934,2025-01-01,4005990.93602703,2957317.9432928
2935,2025-01-01,4020455.07593872,2967883.8962603
2936,2025-01-01,4001318.75664602,2957129.618246
2937,2025-01-01,3997729.16074375,2957064.71116343
2938,2025-01-01,3994286.17212525,2959005.2769424
2939,2024-12-27,3993339.49268949,2957254.62383867
2940,2025-01-01,4022918.94998571,2990850.35365768
2941,2025-01-01,4000818.20316885,2955564.30777232
2942,2025-01-01,4002578.2752863,2952771.33914785
2943,2025-01-01,3990705.6540063,2960730.88789505
2944,2025-01-01,4015804.64460802,2958652.8992245
2945,2024-12-22,4006831.8795707,2955885.89476769
2946,2025-01-01,4029897.07740362,2959992.1691066
2947,2024-12-25,4010901.59896155,2957663.54320947
2948,2025-01-01,3997692.56887843,2960130.39107413
2949,2025-01-01,3972419.14377043,2930518.10389321
2950,2025-01-01,4008365.12366031,2976524.24549768
2951,2025-01-01,3994681.3480046,2954805.78744739
2952,2025-01-01,4009159.9352539,2944140.99817697
2953,2025-01-01,4024289.9012424,2962458.73003935
2954,2025-01-01,4007846.49363779,2978390.62107277
2955,2025-01-01,4006372.52442156,2968933.35734572
2956,2024-12-30,4027738.36883672,2962406.15650478
2957,2025-01-01,3992737.4984617,2958476.32198181
2958,2025-01-01,3988435.21740489,2958925.74727591
2959,2025-01-01,4004923.56524291,2951427.78906306
2960,2024-12-30,3997875.33193747,2953140.08689951
2961,2025-01-01,4028420.85066292,2962417.40557538
2962,2025-01-01,3984369.36798669,2947527.82642254
2963,2025-01-01,4022593.35717306,2963523.21925136
2964,2025-01-01,4003832.08577834,2952950.85895654
2965,2025-01-01,4002993.48677568,2952966.11772704
2966,2024-12-24,4002967.65643692,2955581.86799999
2967,2025-01-01,3998955.05045773,2955959.78884956
2968,2025-01-01,3999373.60012368,2961884.38567351
2969,2025-01-01,4008025.53743234,2976576.30729086
2970,2025-01-01,3999992.17442932,2953030.66730019
2971,2025-01-01,4030386.14525402,2964372.95678105
2972,2025-01-01,4000149.11488702,2952370.51910754
2973,2025-01-01,4008705.68406777,2957333.31508435
2974,2025-01-01,4007059.08932779,2944960.65588087
2975,2025-01-01,3993474.65254865,2948853.13110534
2976,2025-01-01,4016309.85893991,2975843.23954732
2977,2025-01-01,3995041.18254476,2956682.01211351
2978,2025-01-01,3986406.32122825,2959288.56526523
2979,2025-01-01,3991310.08539372,2971346.74884382
2980,2025-01-01,4019318.07180731,2964211.47311348
2981,2025-01-01,4002733.97615148,2954149.29979179
2982,2025-01-01,4023836.06781562,2962638.12885505
2983,2025-01-01,3995760.86792311,2954927.57060043
2984,2025-01-01,4013972.34539921,2959964.73640959
2985,2025-01-01,4008916.01866101,2956011.69207992
2986,2025-01-01,3992007.35413981,2976047.20067367
2987,2025-01-01,4006949.00102252,2963064.53689345
2988,2025-01-01,4027024.60988598,2960095.56313397
2989,2025-01-01,4005174.70014818,2960159.19303769
2990,2025-01-01,4029934.69169347,2961531.83703435
2991,2024-12-28,4000486.06616265,2977397.20575195
2992,2025-01-01,4013432.14614018,2961037.04055823
2993,2025-01-01,4001171.47920309,2978654.02948255
2994,2025-01-01,4009673.17383299,2981805.81202688
2995,2025-01-01,4011487.28657726,2977921.23221004
2996,2024-12-23,4029747.68430785,2963150.11979144
2997,2025-01-01,4001325.98255915,2953843.83607984
2998,2025-01-01,3993620.09208435,2951388.00965842
2999,2025-01-01,4013593.37182253,2959682.05335984
3000,2025-01-01,4020457.50740315,2953396.17767089
3001,2025-01-01,4009144.91823188,2957919.02764787
3002,2025-01-01,4024211.23888356,2959680.20137333
3003,2025-01-01,4004852.07782881,2953970.94962449
3004,2025-01-01,3998692.99203548,2953908.8561453
3005,2025-01-01,3998384.17722371,2954394.5534321
3006,2025-01-01,3993242.52911116,2959777.40417576
3007,2024-12-28,4027474.97642136,2961737.90955226
3008,2025-01-01,4006219.79375799,2956876.7127029
3009,2025-01-01,4025101.5163353,2958230.73559151
3010,2025-01-01,3985574.53298611,2961819.03270637
3011,2025-01-01,3999009.23899875,2953049.865625
3012,2025-01-01,4029910.65094304,2962220.22354624
3013,2025-01-01,4012096.3557597,2961054.38796684
3014,2024-12-30,4017324.30013528,2982911.59439124
3015,2024-12-25,4008715.68924867,2978244.77602741
3016,2025-01-01,4004200.70334369,2974883.89498048
3017,2025-01-01,4036838.20614777,2961366.72200801
3018,2025-01-01,4008355.5975722,2952317.07106044
3019,2025-01-01,3989994.99862579,2954029.89301879
3020,2024-12-24,3992395.79423914,2953962.2587501
3021,2025-01-01,4002927.02824266,2970919.46633895
3022,2025-01-01,4013792.48827511,2958470.41416341
3023,2025-01-01,3994794.66208891,2954539.64578368
3024,2025-01-01,4003513.84343634,2952634.33738366
3025,2025-01-01,4008533.12094913,2957290.02451347
3026,2025-01-01,4027814.2671446,2959973.38083987
3027,2025-01-01,3996382.87187396,2955747.34638598
3028,2025-01-01,3985297.60007818,2931107.37349027
3029,2024-12-26,4004343.04570143,2953960.90917981
3030,2025-01-01,4002300.52324273,2956403.48627023
3031,2025-01-01,3983299.82801076,2961027.87424982
3032,2024-12-29,4011130.59715645,2958340.79787676
3033,2025-01-01,4008639.40402474,2957560.36884356
3034,2025-01-01,3991018.13146626,2961383.75742118
3035,2025-01-01,4003461.60882251,2952630.49853806
3036,2025-01-01,4012262.17004151,2971023.26798792
3037,2025-01-01,4023604.90645048,2995223.53085513
3038,2025-01-01,4007690.44945577,2969175.4953554
3039,2024-12-28,3991682.94808783,2959908.4260255
3040,2025-01-01,4003043.404582,2960048.09417906
3041,2025-01-01,3994014.7829928,2951271.53589576
3042,2025-01-01,3989895.61623771,2952690.5503881
3043,2025-01-01,4024469.33817107,2964099.1404555
3044,2025-01-01,4011913.19250959,2977313.72641354
3045,2025-01-01,3993185.04854806,2954991.57601826
3046,2025-01-01,3997025.0959691,2961470.07563883
3047,2025-01-01,4028182.89576624,2979148.34282017
3048,2025-01-01,3988290.18169212,2973524.66063244
3049,2025-01-01,4004544.87195471,2958346.78805526
3050,2025-01-01,4009804.21805742,2958845.81145403
3051,2025-01-01,4027058.33024053,2959263.67955622
3052,2024-12-26,4001689.15778561,2956009.53479664
3053,2025-01-01,4006177.40339271,2952059.37291822
3054,2025-01-01,4009672.565358,2956353.308991
3055,2025-01-01,4009048.45952844,2976493.27500224
3056,2025-01-01,4001768.64309854,2956741.89385322
3057,2025-01-01,4005769.63714135,2957115.25544779
3058,2024-12-25,4010547.37693779,2955999.31626258
3059,2025-01-01,4007568.98107157,2969232.79339148
3060,2025-01-01,4010730.56868437,2981466.30067207
3061,2025-01-01,3993959.34478261,2956068.72664714
3062,2025-01-01,4002464.03115242,2970215.26460015
3063,2025-01-01,4028495.80151291,2960139.27542202
3064,2025-01-01,4012242.3791379,2959450.46457171
3065,2024-12-27,3989856.46960401,2957210.21669131
3066,2025-01-01,4037684.79125009,2956413.34427761
3067,2025-01-01,4008634.86314825,2967891.87840045
3068,2025-01-01,4005732.87969389,2976383.19999925
3069,2025-01-01,3992156.66145382,2967994.48538557
3070,2025-01-01,4004460.3538925,2956982.50338993
3071,2024-12-26,3999858.79989616,2961953.64392284
3072,2024-12-23,3994777.23604363,2957131.03878281
3073,2025-01-01,4014144.91843014,2955334.90046043
3074,2025-01-01,4006807.47298795,2963707.98788812
3075,2025-01-01,4003715.91673409,2956461.4892178
3076,2025-01-01,4009931.27064728,2975884.87422809
3077,2025-01-01,4024003.93904595,2965411.25989322
3078,2025-01-01,4006622.03054778,2974734.63350835
3079,2025-01-01,3994159.79875861,2956416.30597475
3080,2025-01-01,4030253.85348978,2962189.54346236
3081,2025-01-01,4031473.547252,2955951.96898929
3082,2025-01-01,4005419.45401746,2955557.30930992
3083,2025-01-01,3998088.18277453,2957373.44990435
3084,2025-01-01,3995165.93407856,2955314.5782439
3085,2025-01-01,4015217.18284969,2964503.12145925
3086,2025-01-01,3999951.44882405,2953980.45560749
3087,2025-01-01,4023439.77132756,2962888.76701806
3088,2025-01-01,4016329.52207936,2973420.60917453
3089,2025-01-01,3997687.0614962,2954660.99776497
3090,2025-01-01,4003187.20521948,2971623.96367442
3091,2025-01-01,3998506.98117782,2955742.9627398
3092,2024-12-26,3983328.99233974,2957588.90341861
3093,2025-01-01,4005836.24527782,2957465.40887532
3094,2025-01-01,4022009.69331373,2964538.72418426
3095,2025-01-01,4002562.05181887,2953155.59933269
3096,2025-01-01,3986574.85195438,2956809.00162176
3097,2025-01-01,3996298.8878547,2957184.5979663
3098,2024-12-29,4002717.62361022,2958320.43952337
3099,2025-01-01,3998550.92714858,2970093.13848832
3100,2025-01-01,4016522.13055942,2966842.51113483
3101,2025-01-01,3999410.32946165,2952971.45324141
3102,2025-01-01,4022988.36082062,2961920.49008965
3103,2025-01-01,4011093.5738959,2955305.91791139
3104,2025-01-01,4026101.02406593,2962770.09402683
3105,2025-01-01,3996935.76723908,2955948.1634216
3106,2024-12-27,3995494.15415287,2957944.10402855
3107,2025-01-01,3992586.997774,2956476.87701988
3108,2025-01-01,4023801.81972803,2962764.36363126
3109,2025-01-01,3995431.63450118,2956801.86266687
3110,2025-01-01,4009237.9437664,2959834.48962899
3111,2025-01-01,3995702.77180614,2968151.74754861
3112,2025-01-01,4025914.08735627,2962441.93547772
3113,2025-01-01,4018256.10716405,2967708.07627937
3114,2025-01-01,4000305.53814157,2958847.95436777
3115,2025-01-01,3998468.39482508,2956144.97147052
3116,2025-01-01,4004407.5897637,2951615.388063
3117,2025-01-01,3993075.75916032,2952310.11536718
3118,2025-01-01,4019501.14914846,2986434.33659769
3119,2025-01-01,4002150.21501723,2954102.65736968
3120,2025-01-01,3999656.75416278,2953873.66007092
3121,2025-01-01,4021816.05347318,2967504.16835742
3122,2025-01-01,4002349.2998414,2956166.005723
3123,2024-12-27,4027241.72661362,2963111.01086346
3124,2025-01-01,3993631.46841082,2930894.57757489
3125,2025-01-01,4002683.94209984,2953097.95669323
3126,2024-12-28,3999576.55861962,2952424.71659678
3127,2024-12-29,4004663.80956902,2953108.59963075
3128,2025-01-01,4000009.60230573,2959061.16906282
3129,2024-12-30,4018468.52198525,2964674.07021544
3130,2025-01-01,3998659.43477542,2954184.77919599
3131,2025-01-01,4011846.13113849,2959688.97134114
3132,2025-01-01,4015629.21222326,2960730.24415594
3133,2025-01-01,4013324.31246607,2988559.30653526
3134,2025-01-01,4010931.01963634,2977434.31224276
3135,2025-01-01,4012999.63436001,2972362.90906804
3136,2025-01-01,4003425.78954317,2978671.87155063
3137,2025-01-01,4002933.96340787,2972414.24425866
3138,2024-12-29,3994479.92993405,2958337.51528387
3139,2025-01-01,4007237.91190079,2969030.58930186
3140,2025-01-01,4006894.62460889,2978081.51736191
3141,2024-12-25,4027533.44244455,2961589.17646932
3142,2025-01-01,4011618.98340085,2977047.89935424
3143,2025-01-01,4017113.36428616,2986059.40498301
3144,2025-01-01,4011613.99327517,2969271.27409237
3145,2025-01-01,4008740.48598735,2955474.77941787
3146,2025-01-01,4013370.83047107,2959675.41200643
3147,2025-01-01,3995560.1329803,2956570.94877063
3148,2025-01-01,4001666.25360725,2955795.65544605
3149,2025-01-01,4019096.24382341,2964345.3289496
3150,2025-01-01,4023082.41019964,2960707.539215
3151,2025-01-01,4013175.36625175,2955701.30973977
3152,2025-01-01,3999102.76806947,2957037.6982712
3153,2025-01-01,3983253.13951645,2962511.97056963
3154,2024-12-29,4014313.96550136,2955078.97025536
3155,2025-01-01,3988393.5263182,2953324.65733067
3156,2025-01-01,4014340.87641378,2959916.54843022
3157,2025-01-01,4012144.07912452,2960604.05867708
3158,2025-01-01,4002778.78741268,2953899.28868662
3159,2024-12-26,3987142.73519696,2959319.50564102
3160,2025-01-01,4004473.19806588,2956259.51314405
3161,2025-01-01,4007843.27359218,2963615.05359426
3162,2025-01-01,3997038.76351174,2958219.17507107
3163,2025-01-01,3989155.06592802,2958832.70254045
3164,2025-01-01,4023354.87498854,2961764.07474353
3165,2025-01-01,4021526.96331205,2954529.66435785
3166,2024-12-28,4021323.94562662,2953635.73728433
3167,2025-01-01,4007090.30830533,2956752.60253183
3168,2025-01-01,4025406.29508266,2952240.40231763
3169,2025-01-01,4003672.79124799,2955048.52349089
3170,2025-01-01,3996693.72849516,2954865.4264136
3171,2025-01-01,4005980.52431541,2961618.69007333
3172,2025-01-01,3992620.50708103,2958143.76125131
3173,2025-01-01,4030145.60983889,2959824.17400372
3174,2025-01-01,4010900.63139897,2974988.90890707
3175,2025-01-01,4011457.05810446,2959665.71653807
3176,2025-01-01,4005080.60564826,2955966.6498738
3177,2025-01-01,4010679.04918538,2956666.35952616
3178,2025-01-01,4024597.99377828,2962690.47830641
3179,2025-01-01,3995486.47647672,2958268.42549967
3180,2025-01-01,3989474.64336052,2958819.19356967
3181,2025-01-01,3996557.57853552,2958117.52071874
3182,2025-01-01,4000659.18167532,2954911.26699376
3183,2025-01-01,4003700.43729224,2951810.43389546
3184,2025-01-01,3994887.9577839,2957914.6664948
3185,2025-01-01,4005697.8759237,2959094.42176133
3186,2025-01-01,3998492.21212182,2956161.90692235
3187,2025-01-01,4007013.1421115,2957152.7381989
3188,2025-01-01,4012176.10852441,2980273.52281532
3189,2025-01-01,4039145.06347525,2953660.15455038
3190,2025-01-01,4011398.39741041,2974894.89029248
3191,2025-01-01,4028191.35427378,2962386.4812219
3192,2025-01-01,4001710.79284564,2954952.73574852
3193,2025-01-01,4007008.00801548,2963320.55426827
3194,2025-01-01,4002555.16773151,2952282.8513438
3195,2025-01-01,4010684.91483787,2957722.76412085
3196,2024-12-30,4007223.96612796,2981184.4850339
3197,2025-01-01,3998125.11254258,2954868.7606325
3198,2025-01-01,4010624.23815592,2966793.03720102
3199,2025-01-01,4005834.60482469,2953286.57880722
3200,2025-01-01,4012222.10907345,2959900.18945451
3201,2025-01-01,4010309.86261446,2958238.6448491
3202,2025-01-01,3996439.02276583,2954217.59155568
3203,2025-01-01,3993785.2288148,2951325.59969326
3204,2025-01-01,3993405.32020525,2950584.46327151
3205,2025-01-01,3989722.00671562,2953955.94316596
3206,2025-01-01,4031114.73139602,2961835.49103434
3207,2025-01-01,3997401.94792338,2961147.52902602
3208,2025-01-01,4024204.04988764,2963412.6600254
3209,2025-01-01,4008834.46859419,2969420.61856284
3210,2025-01-01,4006870.15541078,2955591.2271051
3211,2025-01-01,3992572.29091215,2955753.6034085
3212,2025-01-01,4012565.04506664,2958688.81075977
3213,2025-01-01,3999129.24234785,2952441.14806753
3214,2025-01-01,3995508.55983097,2952724.03149259
3215,2025-01-01,3999908.35275347,2955627.02805308
3216,2025-01-01,3992274.86512035,2956988.17719487
3217,2024-12-30,4007928.88330856,2974907.94516369
3218,2025-01-01,4004782.30262798,2956888.87466656
3219,2024-12-28,4029145.29537257,2960880.84499186
3220,2025-01-01,3997616.5938826,2956581.12525037
3221,2024-12-30,4015359.17168088,2964019.70979143
3222,2025-01-01,4005047.92631518,2955736.69659851
3223,2025-01-01,4024510.27725289,2958593.78911549
3224,2025-01-01,3997145.75729837,2954784.83613324
3225,2025-01-01,4000238.05340671,2954406.81207363
3226,2025-01-01,4009109.03071984,2976515.8998377
3227,2025-01-01,3986442.51667414,2960533.80381664
3228,2025-01-01,3996543.91099002,2968152.03060501
3229,2025-01-01,4006056.67765687,2957010.27201707
3230,2025-01-01,4012601.49958819,2958269.22619769
3231,2025-01-01,3981832.68279946,2934284.1330526
3232,2025-01-01,3996894.82641532,2954797.73767741
3233,2024-12-30,3987767.36905776,2960781.09347066
3234,2025-01-01,4008507.89487565,2970249.69295294
3235,2025-01-01,4021546.40797073,2953988.29311204
3236,2025-01-01,4003834.01053048,2954158.02170131
3237,2025-01-01,4029926.40370688,2963018.96807928
3238,2025-01-01,4006866.32691973,2957367.25770138
3239,2025-01-01,3993205.07774389,2969959.2522271
3240,2025-01-01,3998016.61763592,2954193.09653793
3241,2024-12-28,3995586.71318562,2956176.76552276
3242,2025-01-01,4019763.45507714,2977236.74231401
3243,2025-01-01,4025825.97708872,2962030.89912491
3244,2025-01-01,4027638.48342263,2962907.21480256
3245,2025-01-01,4004758.89690297,2957537.15498742
3246,2025-01-01,3994218.54304918,2954590.89346851
3247,2025-01-01,3997090.93907376,2954125.00665186
3248,2025-01-01,4011834.11500492,2974616.30953323
3249,2025-01-01,4023953.04183935,2960080.30491534
3250,2025-01-01,4010424.34331547,2968210.85168634
3251,2025-01-01,3993928.76423664,2956505.83817438
3252,2025-01-01,4035489.30122483,2965854.44969329
3253,2025-01-01,4026780.26951352,2969660.29859673
3254,2025-01-01,4005082.53491626,2951860.01276512
3255,2025-01-01,3992233.46116576,2959984.18671662
3256,2025-01-01,3996343.11444326,2962132.62215804
3257,2025-01-01,4009580.76462652,2955418.76195227
3258,2025-01-01,4021962.67037516,2983351.99313054
3259,2025-01-01,4026281.92226886,2960141.1260473
3260,2025-01-01,3998870.80928127,2951987.42515411
3261,2025-01-01,4028764.52641682,2960966.10686139
3262,2025-01-01,4023616.87803102,2962473.6223636
3263,2025-01-01,4003492.44294781,2956549.08954202
3264,2025-01-01,4015723.87367744,2959568.74778875
3265,2025-01-01,4008857.83370882,2966233.86311915
3266,2025-01-01,4018640.78972562,2964648.62835495
3267,2025-01-01,4008172.93383992,2957548.03755444
3268,2025-01-01,4013598.81567504,2959466.33983727
3269,2025-01-01,4003458.48694076,2953686.24464925
3270,2025-01-01,3994396.16142411,2953489.63184309
3271,2025-01-01,4013174.74450342,2955605.46960385
3272,2025-01-01,4007621.78866839,2954948.48362248
3273,2025-01-01,4002826.12300911,2952530.20393768
3274,2025-01-01,4015367.14483588,2981947.49553668
3275,2025-01-01,4005344.64837091,2955440.95465747
3276,2025-01-01,4009304.28213203,2956926.37015061
3277,2025-01-01,4013816.85130505,2973030.70323841
3278,2025-01-01,4001460.53642427,2953867.67903757
3279,2025-01-01,4014904.2482267,2974722.43952201
3280,2025-01-01,3985078.85143732,2959592.05131179
3281,2025-01-01,3997007.1112611,2954054.75226415
3282,2025-01-01,3986179.93963843,2958645.28897965
3283,2025-01-01,3991449.27757708,2959670.57129288
3284,2025-01-01,4004419.09148844,2974072.81751553
3285,2025-01-01,4008231.34553057,2969871.05813454
3286,2025-01-01,4005713.1743514,2962320.57868696
3287,2025-01-01,3998994.97057861,2956001.97031624
3288,2025-01-01,4011325.57730763,2976084.78338079
3289,2025-01-01,4014833.06129841,2975539.57886948
3290,2025-01-01,4006909.62477903,2963735.27283689
3291,2025-01-01,3981597.86173419,2970403.4149034
3292,2025-01-01,4026507.48459801,2960461.24208866
3293,2025-01-01,4006157.67567335,2956389.41118622
3294,2025-01-01,4010370.33086548,2953155.91098069
3295,2025-01-01,4018951.02342822,2967421.276793
3296,2025-01-01,3987326.57685374,2953973.50886145
3297,2025-01-01,4004938.29082472,2956636.95994142
3298,2025-01-01,4012715.22457036,2974884.21511893
3299,2025-01-01,4006142.18823985,2968888.38279869
3300,2025-01-01,3999716.18862452,2959571.76417609
3301,2025-01-01,4012811.87704131,2959800.15971301
3302,2025-01-01,3992766.92374322,2959821.95251002
3303,2025-01-01,3994042.05692714,2958088.41178435
3304,2024-12-30,4008802.23363149,2956099.56196273
3305,2025-01-01,3997222.2600108,2958989.33569952
3306,2025-01-01,4001296.12537957,2967738.2921114
3307,2025-01-01,4005004.43818853,2953803.09296619
3308,2025-01-01,4002596.2499163,2956395.33137952
3309,2025-01-01,4009651.15297873,2951563.19471563
3310,2025-01-01,4022578.65682359,2986400.44360421
3311,2025-01-01,4006042.42424212,2952809.1311724
3312,2025-01-01,4010502.02195627,2968097.35766703
3313,2025-01-01,4024056.84196905,2959054.69335994
3314,2025-01-01,3990941.11688456,2961614.94553807
3315,2025-01-01,4003799.45160069,2953182.07723718
3316,2025-01-01,4016502.38140151,2963372.69342911
3317,2025-01-01,4013318.66011222,2984493.04084841
3318,2025-01-01,4004716.28480306,2954704.42346648
3319,2025-01-01,4016520.6069582,2965553.7312079
3320,2025-01-01,4011701.79367665,2973337.48761786
3321,2025-01-01,3994638.50016628,2955224.67842749
3322,2025-01-01,3981546.14441152,2963920.70552547
3323,2025-01-01,4000967.20323436,2954779.72453779
3324,2025-01-01,4025673.30196724,2963511.87150472
3325,2025-01-01,4025958.70392164,2963583.78914055
3326,2024-12-28,4021463.0827571,2961681.53090933
3327,2025-01-01,4013720.8300549,2955732.61989923
3328,2025-01-01,4035245.16011689,2955374.56183535
3329,2025-01-01,3990957.11709267,2953079.55391234
3330,2025-01-01,4012285.03391928,2973419.51086441
3331,2025-01-01,4014578.85931389,2955294.7169989
3332,2025-01-01,3997815.53038154,2955793.32130731
3333,2025-01-01,3995995.58014117,2955782.59928129
3334,2025-01-01,4013306.41347092,2950919.31534772
3335,2025-01-01,4024036.58756843,2959732.61966983
3336,2025-01-01,4001638.49672676,2953195.72693313
3337,2024-12-29,4006303.70907161,2956133.71318111
3338,2025-01-01,4015643.20618552,2963526.36355404
3339,2025-01-01,4008439.90353716,2956378.29972399
3340,2025-01-01,3998999.13857767,2957641.92223383
3341,2025-01-01,4007596.13771311,2962446.62019428
3342,2025-01-01,3985994.26300926,2960285.38960886
3343,2025-01-01,3998748.67886223,2967912.19101549
3344,2025-01-01,4024926.84828491,2963695.93777835
3345,2025-01-01,3993180.22649602,2956608.74277615
3346,2025-01-01,4013426.74519163,2959134.76610342
3347,2025-01-01,3984458.98112713,2958904.94698145
3348,2025-01-01,4003471.56369385,2955475.06939626
3349,2025-01-01,4003275.84697915,2951835.0039938
3350,2025-01-01,4009843.34756853,2972533.98744499
3351,2024-12-30,3998474.5907202,2955746.36053461
3352,2025-01-01,4010950.83074538,2956032.56365285
3353,2025-01-01,3999537.97593492,2955889.88683566
3354,2025-01-01,4010252.76898071,2960738.67845531
3355,2025-01-01,4030134.08812946,2962519.18728664
3356,2025-01-01,4027465.63053417,2960614.37986191
3357,2025-01-01,4004284.75032732,2956213.22168797
3358,2025-01-01,4001640.76183814,2968767.5741825
3359,2025-01-01,4004179.82192906,2954897.51636549
3360,2025-01-01,3993543.1974888,2966554.25790894
3361,2025-01-01,4006305.33217347,2974336.60338068
3362,2025-01-01,4034795.87214353,2963077.47359234
3363,2025-01-01,4016088.74611311,2951022.00711881
3364,2025-01-01,3999756.93850446,2955394.36856886
3365,2025-01-01,4014801.31235962,2959654.89397524
3366,2025-01-01,4013558.48441004,2974728.21100255
3367,2025-01-01,4001089.52214197,2956379.80083431
3368,2025-01-01,3995121.76456393,2958274.22628887
3369,2025-01-01,4003850.6401623,2955400.37254858
3370,2025-01-01,4001005.63705912,2971102.06825017
3371,2025-01-01,3988734.42924579,2957869.94358356
3372,2025-01-01,4002490.09030808,2955848.60496304
3373,2025-01-01,4015926.33149171,2986226.28354057
3374,2025-01-01,3998228.29031287,2953823.24483868
3375,2025-01-01,4000005.71215322,2956773.27387905
3376,2025-01-01,4005669.2125149,2957072.17127264
3377,2025-01-01,4005938.81885822,2957919.34748448
3378,2025-01-01,4009348.8489095,2973202.54222667
3379,2025-01-01,3993701.25050863,2957591.60954606
3380,2025-01-01,4007338.0331892,2973800.80785241
3381,2025-01-01,3995969.1492119,2957081.87400153
3382,2025-01-01,4011553.92236667,2967252.45053727
3383,2025-01-01,3997086.03539666,2961966.76184266
3384,2025-01-01,3980186.19178819,2962816.15870217
3385,2025-01-01,4013739.2386964,2960945.02463044
3386,2025-01-01,4026952.2510805,2963201.31391754
3387,2025-01-01,3999271.86600437,2958448.45522732
3388,2025-01-01,4003625.18719324,2953760.3328426
3389,2025-01-01,4001227.21146078,2940518.00629788
3390,2025-01-01,3986297.81821134,2954469.31728047
3391,2025-01-01,4007189.37103792,2964568.73883787
3392,2025-01-01,3987877.5582848,2955500.30391728
3393,2025-01-01,3983923.02872743,2959067.2565175
3394,2025-01-01,4011306.29344538,2955785.27405565
3395,2025-01-01,3990650.13529092,2973990.57031193
3396,2025-01-01,3998991.03711387,2957927.05435698
3397,2025-01-01,4000215.4592632,2956781.25639043
3398,2025-01-01,3992274.82706948,2958971.08531911
3399,2025-01-01,4009413.71799253,2966827.30360669
3400,2025-01-01,4019998.92580805,2968111.54365188
3401,2025-01-01,4026549.94069953,2962443.15023439
3402,2025-01-01,4010048.51092488,2953181.60984401
3403,2025-01-01,3995034.535635,2959177.26788089
3404,2025-01-01,4015794.68785357,2963161.13053931
3405,2025-01-01,4000961.3778509,2967628.64160177
3406,2025-01-01,4004597.70929016,2958986.62222437
3407,2025-01-01,3993430.41554792,2957412.94712675
3408,2025-01-01,3994783.69723207,2954945.47603942
3409,2025-01-01,4014948.97190574,2956119.26122759
3410,2025-01-01,3999137.79582688,2959981.74177006
3411,2025-01-01,4015409.43329924,2963020.60998671
3412,2025-01-01,3993776.98819583,2956180.51032483
3413,2025-01-01,3991700.10042091,2958430.02518006
3414,2025-01-01,4004229.2911699,2957282.89602604
3415,2025-01-01,3993574.11474017,2954351.27663923
3416,2025-01-01,4011966.19618098,2969247.4420714
3417,2025-01-01,3992703.93522948,2954641.03547502
3418,2025-01-01,3998024.42197174,2958693.71103359
3419,2025-01-01,3994834.74466365,2970454.54472992
3420,2025-01-01,3999643.26042512,2952154.44113162
3421,2025-01-01,3994012.08172183,2956184.547294
3422,2025-01-01,4007194.54722084,2956567.09302252
3423,2025-01-01,3999182.69145114,2954522.82871859
3424,2025-01-01,3989129.85869661,2941506.37852079
3425,2025-01-01,4039904.20124966,2957144.29515465
3426,2025-01-01,4004212.61702763,2954098.60625814
3427,2025-01-01,4015710.5165683,2984391.70942504
3428,2025-01-01,4003791.14816428,2953144.88770405
3429,2025-01-01,4017170.00534867,2959160.56959948
3430,2025-01-01,4004885.62384586,2955909.39549258
3431,2025-01-01,3998257.67328449,2956067.1698559
3432,2025-01-01,3995781.65136146,2961755.96745636
3433,2025-01-01,4004156.08839718,2952340.20466209
3434,2025-01-01,4007773.44475241,2957765.30556807
3435,2025-01-01,4015282.80049337,2966434.36526107
3436,2025-01-01,4003788.74383124,2955352.19310774
3437,2025-01-01,3995387.43023431,2953947.01160574
3438,2025-01-01,3982190.61130389,2949224.65894539
3439,2025-01-01,4027826.4456108,2962113.1460615
3440,2025-01-01,4024872.45247479,2962720.50984683
3441,2025-01-01,4001999.11733526,2953991.76695191
3442,2025-01-01,4011179.09559149,2955406.82393224
3443,2025-01-01,4001904.84095118,2952658.71057144
3444,2025-01-01,4010060.19284503,2970718.96538713
3445,2025-01-01,4009618.70023223,2956866.48422858
3446,2025-01-01,3979859.29576221,2961799.40013239
3447,2025-01-01,4001569.79634968,2953624.03795615
3448,2025-01-01,3990085.45449151,2959487.39585403
3449,2025-01-01,4019260.03318893,2966605.63571154
3450,2025-01-01,4020341.29479373,2975613.33688901
3451,2025-01-01,3998945.53651364,2956486.7621064
3452,2025-01-01,3991801.13705589,2942347.36629412
3453,2025-01-01,3996604.42530787,2955973.50252186
3454,2025-01-01,3989040.22953591,2960444.40672437
3455,2025-01-01,3983084.05492994,2956040.48405942
3456,2025-01-01,3994831.40722827,2955224.96834785
3457,2025-01-01,4005982.60498724,2954345.57817403
3458,2025-01-01,4003530.05467951,2953536.43300263
3459,2025-01-01,4004065.39639301,2960161.50378992
3460,2025-01-01,4009779.43951748,2955921.91166006
3461,2025-01-01,3999483.35345826,2953920.91331954
3462,2025-01-01,4005216.04582546,2956280.75457007
3463,2025-01-01,4036651.79814292,2964908.65228282
3464,2025-01-01,3984252.21636761,2959872.62521834
3465,2025-01-01,4010665.18466035,2955658.69624732
3466,2025-01-01,4005722.75209779,2957987.79790444
3467,2025-01-01,4007875.73889902,2976041.16126741
3468,2025-01-01,4016747.64164712,2964654.8193485
3469,2025-01-01,4022477.00478583,2965058.89681771
3470,2025-01-01,4011974.71944147,2960947.93572193
3471,2025-01-01,4002941.54167918,2950859.51454694
3472,2025-01-01,4008850.92764282,2954742.1530858
3473,2025-01-01,4010918.69389614,2958970.89798311
3474,2025-01-01,3999051.32075873,2950900.7264245
3475,2025-01-01,3995824.68039043,2961250.3833835
3476,2025-01-01,4002320.26592828,2958678.51426717
3477,2025-01-01,4001939.54137842,2955494.91278744
3478,2025-01-01,4039094.87453908,2964796.3397653
3479,2025-01-01,4006612.97296891,2950258.34918077
3480,2025-01-01,4009902.42247366,2956317.70441137
3481,2024-12-29,4001148.60661267,2954286.48820237
3482,2025-01-01,3997024.36634642,2953415.58904189
3483,2025-01-01,3987887.94625096,2958904.07808355
3484,2025-01-01,4010873.87302791,2970323.44201938
3485,2025-01-01,3988326.11929964,2945923.81193305
3486,2025-01-01,4000196.41179747,2955205.63860525
3487,2025-01-01,4000916.68634933,2953423.04759937
3488,2025-01-01,4039283.79442881,2962918.61831496
3489,2025-01-01,4010262.23456563,2952372.28059926
3490,2025-01-01,4010255.29147934,2955831.85122636
3491,2025-01-01,3997592.62488421,2973840.6811677
3492,2025-01-01,4002033.95974374,2952772.1538538
3493,2025-01-01,4015163.83981335,2958623.03413965
3494,2025-01-01,4010207.39794232,2959824.84194844
3495,2025-01-01,4009354.88099353,2957803.83746345
3496,2025-01-01,4023764.7885417,2962257.82000845
3497,2025-01-01,4026927.16496707,2964004.33051645
3498,2025-01-01,4026503.64309716,2963747.70092258
3499,2025-01-01,4008439.91351568,2957025.35998147
3500,2025-01-01,4014096.60450101,2960059.91205381
3501,2025-01-01,3998975.88881103,2958367.40251886
3502,2025-01-01,4004998.04689236,2954905.42925077
3503,2025-01-01,3996167.981388,2952573.26270548
3504,2025-01-01,4015149.54570671,2975358.48636914
3505,2025-01-01,4000149.92645023,2955894.31199406
3506,2025-01-01,3986975.73880371,2952239.02863572
3507,2025-01-01,4015852.7018155,2963809.3256421
3508,2025-01-01,3997877.78661786,2953530.55873972
3509,2025-01-01,4018950.13653057,2976541.43912115
3510,2025-01-01,4005778.91734498,2957859.5816353
3511,2025-01-01,4022308.74648357,2974469.72618531
3512,2025-01-01,4013234.70773893,2952070.102768
3513,2025-01-01,4000140.72959478,2951849.38152399
3514,2025-01-01,4008368.7540494,2957192.18588532
3515,2025-01-01,4014795.17989746,2974903.89492541
3516,2025-01-01,3998387.40009494,2957719.49891032
3517,2025-01-01,4015215.51674468,2963282.86773501
3518,2025-01-01,4014641.58783054,2965184.79961617
3519,2025-01-01,4010544.56100071,2970917.43113864
3520,2025-01-01,4011147.72787167,2951029.3933533
3521,2025-01-01,4006253.20325118,2964121.17337408
3522,2025-01-01,3989079.05091896,2958442.85510735
3523,2025-01-01,3989637.08289512,2956889.78139595
3524,2025-01-01,4003255.45701123,2956118.25163749
3525,2025-01-01,4009875.9137557,2957523.00670991
3526,2025-01-01,3984636.04430272,2959126.63248861
3527,2025-01-01,4000637.42163388,2952101.76855477
3528,2025-01-01,4001947.71562329,2969716.65177996
3529,2025-01-01,3999449.53913047,2957211.27898157
3530,2025-01-01,4029653.23075805,2960292.38584849
3531,2025-01-01,4022964.22288522,2959289.28907042
3532,2025-01-01,4008587.67285231,2956406.23195755
3533,2025-01-01,4002096.59829087,2957525.93093164
3534,2025-01-01,3990555.02378825,2953799.06873806
3535,2025-01-01,3991145.99902179,2952169.22116582
3536,2025-01-01,4005234.78192757,2956003.3861824
3537,2025-01-01,4016184.5146865,2964064.90521545
3538,2025-01-01,4013635.38241684,2954457.01183801
3539,2025-01-01,4014635.85691008,2958670.84770689
3540,2025-01-01,4003124.60200551,2957147.82333426
3541,2025-01-01,4030783.22609818,2961898.22823423
3542,2025-01-01,3998631.19080207,2958030.44186822
3543,2025-01-01,3997954.97750325,2956988.7625963
3544,2025-01-01,4019866.33508711,2966064.71882428
3545,2025-01-01,4022896.39571596,2962276.87956752
3546,2025-01-01,4024207.0386946,2963120.21192822
3547,2025-01-01,4000554.86670557,2956590.85831854
3548,2025-01-01,4011805.70267227,2956130.04492862
3549,2025-01-01,3992754.93125531,2956939.18390158
3550,2025-01-01,3991339.66816285,2957774.68049112
3551,2025-01-01,4010540.32018056,2953141.89550339
3552,2025-01-01,3999908.89130164,2944710.33648958
3553,2025-01-01,3999435.30948818,2958026.71822157
3554,2025-01-01,3996379.11777823,2955388.53744399
3555,2025-01-01,4008871.88386458,2966955.88015941
3556,2025-01-01,4000579.10874158,2941980.34989688
3557,2025-01-01,4007169.64703649,2970633.97108743
3558,2025-01-01,4012060.37905865,2974528.49872123
3559,2025-01-01,3985972.64141468,2953201.06911552
3560,2025-01-01,4011844.20884796,2976819.63293323
3561,2025-01-01,4026083.51162433,2959353.7380073
3562,2025-01-01,4010276.97104256,2956374.00618549
3563,2025-01-01,4015972.2163437,2984604.9359387
3564,2025-01-01,3994540.65978605,2957092.20078105
3565,2025-01-01,4007611.89708449,2954250.17344231
3566,2025-01-01,4026660.81121778,2964746.61072809
3567,2025-01-01,4012770.3534464,2974546.54546017
3568,2025-01-01,4019732.09922233,2951875.1341709
3569,2025-01-01,4012080.3974029,2967838.40408351
3570,2025-01-01,4011359.64332041,2956373.28009086
3571,2025-01-01,3992636.28921362,2957607.90816066
3572,2025-01-01,4003051.55010926,2962662.73128831
3573,2025-01-01,4007418.15471755,2963568.61399502
3574,2025-01-01,4003038.91242411,2969242.20177316
3575,2025-01-01,4000234.75273504,2956780.07564132
3576,2025-01-01,4004787.77672031,2954660.3181527
3577,2025-01-01,4007316.06106012,2955966.09637315
3578,2025-01-01,4026113.07383303,2965141.57521704
3579,2025-01-01,4009049.54637462,2956945.9122159
3580,2025-01-01,4000274.62733002,2957917.04864044
3581,2025-01-01,3993468.57503541,2954656.612996
3582,2025-01-01,3999164.35638254,2954625.95606781
3583,2025-01-01,3995197.18748465,2956527.50262163
3584,2025-01-01,4023977.02458077,2973570.68018919
3585,2025-01-01,3994466.4170083,2954453.94469172
3586,2025-01-01,4024637.14395961,2959382.52026583
3587,2025-01-01,4024001.84753398,2966055.92303057
3588,2025-01-01,3974213.75165198,2930815.88699496
3589,2025-01-01,4015118.90028342,2959845.70309492
3590,2025-01-01,4010516.52640221,2957886.62834127
3591,2025-01-01,4009305.70295136,2971184.70529453
3592,2025-01-01,4008076.94650054,2962699.61259961
3593,2025-01-01,4023270.95175264,2953402.69939911
3594,2025-01-01,4005207.21440823,2962529.25997484
3595,2025-01-01,4023986.53281956,2962307.44502138
3596,2025-01-01,4025136.50930598,2962941.82944078
3597,2025-01-01,4003757.41884217,2970891.0106288
3598,2025-01-01,4016501.76974151,2975388.70487578
3599,2025-01-01,4003879.96101399,2954837.40173117
3600,2025-01-01,4004219.7754653,2958323.23314746
3601,2025-01-01,3984493.7593487,2959454.86345447
3602,2025-01-01,3983580.46847356,2959062.05378753
3603,2025-01-01,3993127.62320455,2957130.69663263
3604,2025-01-01,4022768.80553374,2959361.14743538
3605,2025-01-01,3998021.64441544,2956001.41110924
3606,2025-01-01,4005961.45579401,2955531.48738609
3607,2025-01-01,4007452.93135151,2970699.65843551
3608,2025-01-01,4012798.07720905,2958546.69558673
3609,2025-01-01,4019387.24152736,2964694.2310293
3610,2025-01-01,4008912.08986975,2955221.23960319
3611,2025-01-01,4013245.86422786,2953891.08495755
3612,2025-01-01,3999248.39926855,2955168.23034742
3613,2025-01-01,4004857.15400244,2953628.05286048
3614,2025-01-01,4004833.658141,2955837.78081048
3615,2025-01-01,4010178.50079116,2966602.0705
3616,2025-01-01,3992263.54311112,2957663.09143517
3617,2025-01-01,4037152.0520255,2961579.57188092
3618,2025-01-01,3993531.4362823,2956990.35549152
3619,2025-01-01,3996844.71218998,2970391.75760762
3620,2025-01-01,3997567.50869092,2967976.86768804
3621,2025-01-01,4003701.55778224,2951488.41151
3622,2025-01-01,4009487.13225108,2957055.94658734
3623,2025-01-01,4000482.32384786,2970864.91934634
3624,2025-01-01,3999218.57286952,2967777.13324968
3625,2025-01-01,3983489.8005825,2960926.88176538
3626,2025-01-01,3995889.52247996,2956357.7432394
3627,2025-01-01,3997880.22365505,2955099.42692083
3628,2025-01-01,4025807.84292324,2964312.12543036
3629,2025-01-01,3998348.61724158,2958535.7216315
3630,2025-01-01,3998950.56175827,2979739.76966957
3631,2025-01-01,4015510.1976738,2983766.19930899
3632,2025-01-01,3990685.46590644,2952566.58170546
3633,2025-01-01,4006330.22707088,2957313.68485317
3634,2025-01-01,4006138.28760014,2957913.73538972
3635,2025-01-01,4018492.63336927,2967575.86789019
3636,2025-01-01,4000355.9329579,2955956.86476563
3637,2025-01-01,4006617.44408293,2963594.36256313
3638,2025-01-01,4010735.57281896,2974533.99551619
3639,2025-01-01,3999448.3459888,2956268.92643547
3640,2025-01-01,3995636.61003925,2955451.80767773
3641,2025-01-01,4009961.80835421,2976824.01105806
3642,2025-01-01,4023097.73253265,2962564.22225968
3643,2025-01-01,3983707.95528646,2945221.40999559
3644,2025-01-01,3982119.35933035,2946193.58688501
3645,2025-01-01,3987479.78817808,2954142.82104496
3646,2025-01-01,4019185.26061577,2985765.42543701
3647,2025-01-01,4017238.23080468,2965034.31310323
3648,2025-01-01,4014611.14622127,2959624.11329105
3649,2025-01-01,4005922.48726156,2956965.75676365
3650,2025-01-01,3992785.39998815,2951140.14696606
3651,2025-01-01,4014464.76787908,2957133.47414163
3652,2025-01-01,4000551.4984549,2954107.77011936
3653,2025-01-01,4012201.13076461,2973418.43942158
3654,2025-01-01,4001369.82793212,2979370.7841533
3655,2025-01-01,4007435.20315659,2956079.16382585
3656,2025-01-01,3990990.79353815,2956300.1384798
3657,2025-01-01,4022625.62278029,2961119.36869295
3658,2025-01-01,4010105.23419294,2958103.82394313
3659,2025-01-01,3998362.24342863,2976958.71675362
3660,2025-01-01,4006095.79000957,2954706.41242425
3661,2025-01-01,4023832.81986043,2961668.15259767
3662,2025-01-01,3996659.97701179,2958562.06294922
3663,2025-01-01,3998221.9769648,2952834.68724754
3664,2025-01-01,4023978.97312868,2962690.68487596
3665,2025-01-01,4008608.48914518,2956106.04311319
3666,2025-01-01,4007910.19679046,2956210.35614515
3667,2025-01-01,3989840.80592445,2960325.70410923
3668,2025-01-01,3992168.97438979,2969786.9371886
3669,2025-01-01,4028383.22423317,2962317.81367174
3670,2025-01-01,3999161.44224178,2958620.44454792
3671,2025-01-01,3992596.25221284,2956095.76577026
3672,2025-01-01,3998886.02333168,2953322.49929054
3673,2025-01-01,4004596.41352176,2954271.53617916
3674,2025-01-01,3994976.01782484,2953506.36008387
3675,2025-01-01,4026477.36650369,2959693.78259311
3676,2025-01-01,3977750.45016917,2928899.46288225
3677,2025-01-01,3999412.02185119,2959612.30774761
3678,2025-01-01,4006657.0393616,2964724.63179098
3679,2025-01-01,3999254.26175966,2941440.94034802
3680,2025-01-01,4004302.09016681,2957870.89177439
3681,2025-01-01,3999607.23481711,2960135.29769439
3682,2025-01-01,4011388.32695801,2958871.41052092
3683,2025-01-01,4005293.73887198,2954101.83498212
3684,2025-01-01,4023239.56687352,2963034.4925492
3685,2025-01-01,4000934.5737058,2961326.5009189
3686,2025-01-01,3986495.07105141,2960118.3543881
3687,2025-01-01,4012636.89188534,2958847.76070415
3688,2025-01-01,4017883.83149981,2983558.10189704
3689,2025-01-01,4022828.22229115,2962199.97085061
3690,2025-01-01,3991041.0353203,2974360.42383776
3691,2025-01-01,3993120.85573115,2968532.66226196
3692,2025-01-01,4032709.15695313,2956420.12820753
3693,2025-01-01,3996126.03127073,2958072.58637712
3694,2025-01-01,4004027.6971556,2955958.0744771
3695,2025-01-01,4019515.76027834,2967065.20999207
3696,2025-01-01,3996140.30507305,2968590.92091842
3697,2025-01-01,4010079.54646292,2970919.34788782
3698,2025-01-01,4011759.95411712,2974952.90927977
3699,2025-01-01,4007671.6532217,2978092.96658308
3700,2025-01-01,3987931.42120322,2953549.36169718
3701,2025-01-01,4020176.61281998,2978159.16900132
3702,2025-01-01,3998727.86459914,2958887.3313202
3703,2025-01-01,4002787.31819,2956427.41099992
3704,2025-01-01,4010271.41588957,2951326.26206595
3705,2025-01-01,3999552.52405077,2953791.10640135
3706,2025-01-01,4011340.40708801,2972738.69682031
3707,2025-01-01,4007807.46508093,2967648.0164451
3708,2025-01-01,4015957.7783497,2959553.60635466
3709,2025-01-01,3998371.87061859,2959069.01131895
3710,2025-01-01,3972418.11640813,2930701.1537682
3711,2025-01-01,3998303.15653972,2956456.29223283
3712,2025-01-01,4003298.79284926,2956240.98055416
3713,2025-01-01,4013772.5027541,2959120.4399349
3714,2025-01-01,4010233.20320153,2956060.65535687
3715,2025-01-01,3997506.50855479,2954973.00322176
3716,2025-01-01,4032521.32993747,2962045.78482466
3717,2025-01-01,4013556.07381743,2972691.76276058
3718,2025-01-01,3995531.4779579,2954755.57803402
3719,2025-01-01,4013956.67112739,2958324.50885977
3720,2025-01-01,4012527.94896935,2972637.82266754
3721,2025-01-01,4005879.58555877,2957389.32177056
3722,2025-01-01,4008068.95523015,2974746.43377091
3723,2025-01-01,4043860.88521732,2956831.78316883
3724,2025-01-01,4010224.73496808,2959324.17135066
3725,2025-01-01,3993201.98337522,2955857.1394176
3726,2025-01-01,3996683.38205449,2957221.78443843
3727,2025-01-01,4019753.67601005,2977250.17799314
3728,2025-01-01,3992918.34330569,2957435.32658621
3729,2025-01-01,4007075.11502732,2964843.16175816
3730,2025-01-01,3998869.13551423,2956528.69469223
3731,2025-01-01,3996893.10849267,2958222.42297883
3732,2025-01-01,4002452.0381566,2955563.80394323
3733,2025-01-01,3994815.21874357,2954489.84559491
3734,2025-01-01,3990465.83753146,2956484.63312583
3735,2025-01-01,4031705.49596586,2956095.19870965
3736,2025-01-01,3999313.92413946,2952483.77656954
3737,2025-01-01,4002597.527396,2954048.41472526
3738,2025-01-01,4016010.96169411,2977384.1274956
3739,2025-01-01,4009635.18691363,2956664.4307847
3740,2025-01-01,3994598.69218918,2957148.33456942
3741,2025-01-01,3997108.36911476,2956375.92573922
3742,2025-01-01,3997297.55758789,2954967.65719479
3743,2025-01-01,4016127.11362849,2984546.34345021
3744,2025-01-01,4006239.81169259,2950437.73999026
3745,2025-01-01,4003951.5121929,2953908.73769923
3746,2025-01-01,3989765.81928397,2959213.9492309
3747,2025-01-01,3983721.36246261,2946772.94435527
3748,2025-01-01,3998087.93236756,2953010.74969553
3749,2025-01-01,4002656.09380268,2952213.32560897
3750,2025-01-01,4011131.32230858,2960186.65420695
3751,2025-01-01,4006882.62250401,2956780.72742142
3752,2025-01-01,4010650.79624257,2975769.30501843
3753,2025-01-01,4000016.79577701,2959917.40682463
3754,2025-01-01,3987693.75188464,2969687.65556053
3755,2025-01-01,4030470.58187775,2961244.36502065
3756,2025-01-01,3992450.43904022,2951487.55375192
3757,2025-01-01,4010954.79209324,2956251.64575764
3758,2025-01-01,4006056.38799321,2954857.40520779
3759,2025-01-01,4023953.49020784,2954596.62959972
3760,2025-01-01,4006150.27646818,2964937.41293144
3761,2025-01-01,3996664.0677203,2956194.17251923
3762,2025-01-01,4012775.19899575,2977408.76233891
3763,2025-01-01,4005406.16121862,2955461.54620844
3764,2025-01-01,4006639.81298402,2963331.45589959
3765,2025-01-01,4005826.76261911,2954192.06175499
3766,2025-01-01,4022074.67268533,2961755.14535414
3767,2025-01-01,4016652.21826632,2951791.22826229
3768,2025-01-01,4023366.60542601,2964024.69712205
3769,2025-01-01,4005532.85849372,2975061.41361974
3770,2025-01-01,4024474.95708044,2962009.36053922
3771,2025-01-01,4001871.45925392,2953045.33073407
3772,2025-01-01,3990888.16291743,2959190.44442305
3773,2025-01-01,4005375.03385103,2959040.05610054
3774,2025-01-01,4007877.30675932,2956404.97695834
3775,2025-01-01,4011468.18998404,2968499.72242118
3776,2025-01-01,4003881.48688026,2954840.68351687
3777,2025-01-01,3998398.33332808,2959868.20459578
3778,2025-01-01,4000789.65478354,2952042.37681078
3779,2025-01-01,4008205.94704144,2957314.73178093
3780,2025-01-01,3997210.04142521,2943575.82968165
3781,2025-01-01,4015610.76154502,2974278.23662528
3782,2025-01-01,3998644.53370842,2958403.97612561
3783,2025-01-01,3992692.10846968,2956300.4129423
3784,2025-01-01,4003569.72652611,2954518.76868818
3785,2025-01-01,4026556.48827271,2961395.76447636
3786,2025-01-01,4001448.3658101,2955532.97510029
3787,2025-01-01,3998267.74046714,2956693.94354759
3788,2025-01-01,4013931.45094312,2961159.64862759
3789,2025-01-01,4000840.19879217,2955238.88587815
3790,2025-01-01,4006375.21663888,2962524.39891201
3791,2025-01-01,3996233.79724496,2955338.05743396
3792,2025-01-01,4020281.09463184,2966312.97597345
3793,2025-01-01,4023082.43034402,2961341.95016668
3794,2025-01-01,4025067.50471567,2962771.73730027
3795,2025-01-01,4002693.23865061,2956814.61427361
3796,2025-01-01,4009974.34595384,2955938.99372946
3797,2025-01-01,4013538.91855911,2960472.40615173
3798,2025-01-01,4008314.00083502,2972288.37529983
3799,2025-01-01,4007144.81388856,2954267.94651127
3800,2025-01-01,3994104.25945861,2955742.08277259
3801,2025-01-01,3991357.71032144,2973921.2873204
3802,2025-01-01,3998680.09716164,2959024.252752
3803,2025-01-01,3996745.61937666,2969979.46049434
3804,2025-01-01,4000295.80278727,2953659.07174965
3805,2025-01-01,3977058.16998276,2925993.86114876
3806,2025-01-01,4030846.71002155,2960906.9984389
3807,2025-01-01,4007958.57099641,2958961.79927732
3808,2025-01-01,3994550.76993155,2956187.90784308
3809,2025-01-01,3993420.79102511,2953336.03798749
3810,2025-01-01,4008553.64918922,2956750.75760079
3811,2025-01-01,3994343.20752187,2958037.19840381
3812,2025-01-01,4001760.07172219,2956066.57410808
3813,2025-01-01,3996279.59140039,2956224.1493478
3814,2025-01-01,4006943.8432807,2944243.26423409
3815,2025-01-01,4013494.50605196,2958707.03393642
3816,2025-01-01,4023113.97291282,2960266.47842602
3817,2025-01-01,3997557.0920405,2953474.61370541
3818,2025-01-01,4001523.23861075,2957473.87622997
3819,2025-01-01,4004615.41837207,2957965.92059644
3820,2025-01-01,4001807.04695387,2970664.93488034
3821,2025-01-01,4005723.21954281,2954833.14777852
3822,2025-01-01,3994859.86282067,2956000.50933878
3823,2025-01-01,4001367.16604162,2954315.68581277
3824,2025-01-01,4013307.28043616,2959767.89342047
3825,2025-01-01,4008965.93261124,2958506.09494744
3826,2025-01-01,3993994.61611036,2957589.15861889
3827,2025-01-01,4011787.71978657,2975889.68605436
3828,2025-01-01,3996474.73328464,2954740.48099749
3829,2025-01-01,3993794.76428903,2948651.98052036
3830,2025-01-01,4031480.71708222,2963050.10184325
3831,2025-01-01,3997682.71915953,2954898.64480343
3832,2025-01-01,4025380.93270201,2963565.1012443
3833,2025-01-01,4025476.47687263,2963230.39903133
3834,2025-01-01,4022486.24567737,2981637.74717094
3835,2025-01-01,3986242.97340132,2960261.71540314
3836,2025-01-01,4006757.61251528,2964785.18556175
3837,2025-01-01,4019382.94870707,2968496.4104552
3838,2025-01-01,3997816.77880965,2959191.11424771
3839,2025-01-01,3993478.28454033,2956219.07776679
3840,2025-01-01,4004334.40428682,2958228.39583185
3841,2025-01-01,4009677.61916194,2971956.9623371
3842,2025-01-01,4010797.57214552,2951470.20202507
3843,2025-01-01,4009098.14616576,2968468.05888973
3844,2025-01-01,3996626.72234672,2958958.58522026
3845,2025-01-01,3994860.70238889,2955524.64033873
3846,2025-01-01,3998395.28109248,2957043.15488518
3847,2025-01-01,4003600.66785214,2947680.00263595
3848,2025-01-01,3992667.45620506,2955463.04184204
3849,2025-01-01,4022985.41778547,2960632.42568933
3850,2025-01-01,4001165.07160175,2955635.99047799
3851,2025-01-01,3990840.03578586,2976856.2536139
3852,2025-01-01,4016020.59588972,2960152.61087685
3853,2025-01-01,3997912.99634333,2959739.727088
3854,2025-01-01,4013240.20870101,2961107.57298167
3855,2025-01-01,4027704.72727025,2961540.78716065
3856,2025-01-01,4010018.52751695,2967540.90895963
3857,2025-01-01,4005517.83001591,2957702.37133819
3858,2025-01-01,4022453.87313438,2959262.48568692
3859,2025-01-01,4017228.80328471,2964619.79937794
3860,2025-01-01,3998400.31999188,2955742.63759731
3861,2025-01-01,3986867.72675114,2953002.10930915
3862,2025-01-01,4011206.72663599,2960523.36720732
3863,2025-01-01,4010236.01926693,2977981.79609858
3864,2025-01-01,4014630.07765444,2975114.68375737
3865,2025-01-01,3993546.30576962,2957992.2575848
3866,2025-01-01,4001414.91322861,2962383.24727875
3867,2025-01-01,4008234.97288987,2952127.97180441
3868,2025-01-01,4008402.10523393,2954379.13841163
3869,2025-01-01,4013736.601815,2959412.1943553
3870,2025-01-01,4010134.25854681,2956390.01359423
3871,2025-01-01,4001108.20519439,2949474.74909289
3872,2025-01-01,3982626.68127463,2958594.6088576
3873,2025-01-01,3981627.97969643,2959513.66932217
3874,2025-01-01,3986706.1242758,2954441.41877126
3875,2025-01-01,4002677.15804512,2970137.82557826
3876,2025-01-01,4014649.40798652,2967949.82444364
3877,2025-01-01,3998052.21121478,2954617.16874721
3878,2025-01-01,4003981.34902624,2956951.93796449
3879,2025-01-01,4003110.47187068,2967706.26652967
3880,2025-01-01,3998387.26590405,2957440.81560482
3881,2025-01-01,4009005.29579594,2969274.46994641
3882,2025-01-01,4011360.86120284,2976745.4954369
3883,2025-01-01,4001390.00383264,2956089.62407476
3884,2025-01-01,3987046.02563832,2959865.44496028
3885,2025-01-01,4014302.13500495,2959324.67295411
3886,2025-01-01,4005456.28303107,2955373.23378603
3887,2025-01-01,4000525.19919166,2953209.04177924
3888,2025-01-01,4023474.73255927,2963362.01517698
3889,2025-01-01,4023109.59032211,2963269.18102826
3890,2025-01-01,4037827.16238394,2958674.3264585
3891,2025-01-01,4028227.54874804,2962032.87285901
3892,2025-01-01,3994837.07112219,2957041.87322641
3893,2025-01-01,3991937.6540405,2971707.97036083
3894,2025-01-01,4018893.88240594,2966239.63961511
3895,2025-01-01,3994622.97565724,2952749.31037511
3896,2025-01-01,4020215.09223887,2951271.94227212
3897,2025-01-01,3998251.93527314,2951312.87346279
3898,2025-01-01,3990690.14873917,2954497.88879189
3899,2025-01-01,4009192.73522396,2957516.2820576
3900,2025-01-01,4011133.32916421,2970479.36916348
3901,2025-01-01,4007781.88695635,2967432.88411459
3902,2025-01-01,3995077.81940916,2956130.60155432
3903,2025-01-01,3994853.24331658,2954009.47889905
3904,2025-01-01,4001630.67037559,2954903.09630137
3905,2025-01-01,4010110.13284061,2952771.09910408
3906,2025-01-01,4006334.24220538,2962481.98989075
3907,2025-01-01,3999720.9679174,2959054.5259682
3908,2025-01-01,4008525.20115745,2976875.16170409
3909,2025-01-01,4008284.29814616,2954963.69624218
3910,2025-01-01,4012812.00389342,2956170.02227314
3911,2025-01-01,3998744.99422272,2955908.3823752
3912,2025-01-01,3983840.56202823,2959833.76263892
3913,2025-01-01,3991078.6675984,2954713.16145448
3914,2025-01-01,3989349.21794707,2954026.85490056
3915,2025-01-01,3996426.96096604,2957696.91597532
3916,2025-01-01,3992140.54288447,2958279.34727419
3917,2025-01-01,4004388.73389723,2951991.03982703
3918,2025-01-01,4013731.73974163,2975304.62905614
3919,2025-01-01,4006882.52335377,2962769.83403855
3920,2025-01-01,4005247.43665499,2955626.0032537
3921,2025-01-01,4024428.17642861,2958916.76258033
3922,2025-01-01,4017299.1260418,2974779.48164275
3923,2025-01-01,4012886.36161901,2959812.19983378
3924,2025-01-01,3987022.44408411,2958302.95494155
3925,2025-01-01,4000587.41161767,2940440.99772024
3926,2025-01-01,4023649.72681148,2973352.64613397
3927,2025-01-01,4010687.48651492,2969684.31366036
3928,2025-01-01,4006600.91487475,2974453.38866418
3929,2025-01-01,4008626.79966727,2953307.67043373
3930,2025-01-01,3993974.96010013,2956534.6911146
3931,2025-01-01,4034544.19600834,2966708.39406836
3932,2025-01-01,3995947.69057347,2956126.52254585
3933,2025-01-01,4003750.19989958,2954694.19651044
3934,2025-01-01,4008296.59312839,2957316.16644811
3935,2025-01-01,3996392.85024854,2957054.84913397
3936,2025-01-01,3973679.97060452,2928888.28090672
3937,2025-01-01,3987512.32143813,2959495.89975856
3938,2025-01-01,4000567.56399181,2954806.56046214
3939,2025-01-01,4005839.20678596,2953475.8236467
3940,2025-01-01,3993447.93760822,2958669.89261236
3941,2025-01-01,3997102.69981024,2953641.11152108
3942,2025-01-01,4003259.49235115,2978418.90959752
3943,2025-01-01,4027662.74588415,2962097.17933245
3944,2025-01-01,4025876.23425753,2963861.06885129
3945,2025-01-01,4021967.56936339,2962898.07704221
3946,2025-01-01,3993132.82683378,2958304.58650266
3947,2025-01-01,4005873.85372969,2958387.80105581
3948,2025-01-01,4008207.45244903,2971869.46612484
3949,2025-01-01,4006438.59166967,2951497.30923312
3950,2025-01-01,3992334.13513254,2943887.02006164
3951,2025-01-01,4014316.14721166,2975216.25141814
3952,2025-01-01,3992403.64790814,2958015.92366297
3953,2025-01-01,3997160.23442204,2954466.29798546
3954,2025-01-01,4010848.95321818,2977526.67491175
3955,2025-01-01,3997482.56710411,2968429.26431433
3956,2025-01-01,4018247.54678567,2967250.81642881
3957,2025-01-01,3999113.50766923,2958773.25998307
3958,2025-01-01,3999534.427157,2953288.98938848
3959,2025-01-01,3996863.83465192,2956509.10026751
3960,2025-01-01,4007726.43525027,2962284.28661599
3961,2025-01-01,3997377.56862579,2958840.27071517
3962,2025-01-01,3991100.83503116,2948144.67416631
3963,2025-01-01,4010966.94878943,2957436.14326509
3964,2025-01-01,4000178.85377322,2960012.75442032
3965,2025-01-01,4016168.7711601,2974011.23050947
3966,2025-01-01,4000919.77710025,2969238.36593155
3967,2025-01-01,4001710.98686122,2969388.70968101
3968,2025-01-01,4002488.2454538,2959542.55504745
3969,2025-01-01,3997834.2525425,2956193.6848087
3970,2025-01-01,3997200.29683651,2956459.82843896
3971,2025-01-01,4003599.98865816,2971599.30436245
3972,2025-01-01,4002759.02891876,2968806.52140068
3973,2025-01-01,3993573.00645895,2955454.71464292
3974,2025-01-01,4012769.96514446,2959435.03306776
3975,2025-01-01,3990709.74358442,2956825.1407607
3976,2025-01-01,4016378.0354251,2950541.86993234
3977,2025-01-01,4008607.69390694,2975576.11286537
3978,2025-01-01,4024063.25108706,2962354.8078404
3979,2025-01-01,4024377.92570137,2961851.18851461
3980,2025-01-01,4023086.66402488,2962431.29941853
3981,2025-01-01,4004170.28382213,2951237.97919731
3982,2025-01-01,4028561.64407147,2962382.15014497
3983,2025-01-01,4000981.61102017,2953685.84822712
3984,2025-01-01,3994091.11710566,2951413.90193082
3985,2025-01-01,4036119.34167476,2960599.46205614
3986,2025-01-01,3990628.33086589,2961222.95025575
3987,2025-01-01,4009628.45819684,2976181.96506702
3988,2025-01-01,4023518.5356612,2965625.9213796
3989,2025-01-01,3994512.60236616,2957034.24382465
3990,2025-01-01,3998896.6515745,2956764.08443588
3991,2025-01-01,3998713.1835941,2970873.96417022
3992,2025-01-01,4011639.48901226,2959099.59237724
3993,2025-01-01,4011121.5660757,2972616.66190693
3994,2025-01-01,4003128.7504731,2978198.74413894
3995,2025-01-01,4012740.39868807,2976036.73125334
3996,2025-01-01,4013186.19049416,2958867.94622522
3997,2025-01-01,4021180.76829123,2953901.53439982
3998,2025-01-01,4010718.94475449,2956711.63767752
3999,2025-01-01,4010791.76438587,2957972.80411927
4000,2025-01-01,3997999.86736892,2957423.6039195
4001,2025-01-01,4004528.08996443,2955799.53523249
4002,2025-01-01,4009722.44705645,2969777.64498338
4003,2025-01-01,4025374.56766618,2960696.5891032
4004,2025-01-01,3996811.4564977,2960539.49167981
4005,2025-01-01,4026091.18385929,2959952.70316011
4006,2025-01-01,3997542.88887839,2954637.31923637
4007,2025-01-01,3984930.58245485,2958779.08680345
4008,2025-01-01,3992372.94461515,2959632.89481543
4009,2025-01-01,4009552.37533075,2952384.85066422
4010,2025-01-01,3999416.19079439,2960132.81182683
4011,2025-01-01,4005232.04535586,2954674.03783527
4012,2025-01-01,4012213.2846105,2959786.27992522
4013,2025-01-01,4010674.24281248,2952088.15539033
4014,2025-01-01,3994876.6054703,2956480.00672739
4015,2025-01-01,4024602.15959859,2963328.07830439
4016,2025-01-01,3993259.96825249,2957766.72763229
4017,2025-01-01,4024214.92098448,2962601.9847741
4018,2025-01-01,4012114.28659474,2973246.51890317
4019,2025-01-01,3996340.49626857,2956945.91063961
4020,2025-01-01,4029770.5576173,2961816.43788275
4021,2025-01-01,4001031.81798738,2946134.50098055
4022,2025-01-01,4006630.4454557,2955031.44911553
4023,2025-01-01,4012565.65171866,2949645.05303428
4024,2025-01-01,4012565.65171866,2949645.05303428
4025,2025-01-01,4010022.91743693,2958879.10038169
4026,2025-01-01,3996271.15916926,2955869.7066016
4027,2025-01-01,4006160.71382156,2955733.61294365
4028,2025-01-01,4002170.25596013,2956327.89797609
4029,2025-01-01,4012350.22443007,2976399.10924382
4030,2025-01-01,3997485.04190896,2955681.16989927
4031,2025-01-01,3991828.89439784,2959281.54085171
4032,2025-01-01,3992565.06162712,2961750.07581601
4033,2025-01-01,3992565.06162712,2961750.07581601
4034,2025-01-01,4010618.26238832,2955513.73364168
4035,2025-01-01,3992863.04471693,2959798.03075352
4036,2025-01-01,3993188.86303045,2966835.21951449
4037,2025-01-01,4004265.89057119,2970106.97885727
4038,2025-01-01,3996521.30770908,2955452.1594668
4039,2025-01-01,3992712.40987343,2957776.52870617
4040,2025-01-01,3978935.12722215,2927349.45801916
4041,2025-01-01,4010924.65030219,2958160.89741301
4042,2025-01-01,4011050.85112778,2957141.47074945
4043,2025-01-01,3999392.07412512,2955620.55050601
4044,2025-01-01,4033000.29209971,2956119.96820554
4045,2025-01-01,4000662.26274401,2955316.27381143
4046,2025-01-01,3984316.02761626,2959980.6861578
4047,2025-01-01,3997965.00634042,2955676.3194858
4048,2025-01-01,3997904.51068287,2956401.409294
4049,2025-01-01,4004643.98419787,2957362.59911605
4050,2025-01-01,3995767.13388402,2956408.40387865
4051,2025-01-01,3994368.53122791,2958640.84238195
4052,2025-01-01,4007212.96806344,2952906.05394152
4053,2025-01-01,3997901.31664413,2955117.58964642
4054,2025-01-01,4024289.9012424,2962458.73003935
4055,2025-01-01,4013593.37182253,2959682.05335984
4056,2025-01-01,4020457.50740315,2953396.17767089
4057,2025-01-01,4004852.07782881,2953970.94962449
4058,2025-01-01,3998692.99203548,2953908.8561453
4059,2025-01-01,4027814.2671446,2959973.38083987
4060,2025-01-01,3994014.7829928,2951271.53589576
4061,2025-01-01,4009804.21805742,2958845.81145403
4062,2025-01-01,4014144.91843014,2955334.90046043
4063,2025-01-01,4000305.53814157,2958847.95436777
4064,2025-01-01,4019501.14914846,2986434.33659769
4065,2025-01-01,4000009.60230573,2959061.16906282
4066,2025-01-01,4015629.21222326,2960730.24415594
4067,2025-01-01,4002778.78741268,2953899.28868662
4068,2025-01-01,4021526.96331205,2954529.66435785
4069,2025-01-01,4011457.05810446,2959665.71653807
4070,2025-01-01,3995486.47647672,2958268.42549967
4071,2025-01-01,3989474.64336052,2958819.19356967
4072,2025-01-01,3996557.57853552,2958117.52071874
4073,2025-01-01,4012176.10852441,2980273.52281532
4074,2025-01-01,4028191.35427378,2962386.4812219
4075,2025-01-01,3989722.00671562,2953955.94316596
4076,2025-01-01,3999129.24234785,2952441.14806753
4077,2025-01-01,4024510.27725289,2958593.78911549
4078,2025-01-01,4005344.64837091,2955440.95465747
4079,2025-01-01,4000967.20323436,2954779.72453779
4080,2025-01-01,4027465.63053417,2960614.37986191
4081,2025-01-01,4000005.71215322,2956773.27387905
4082,2025-01-01,4024872.45247479,2962720.50984683
4083,2025-01-01,4010060.19284503,2970718.96538713
4084,2025-01-01,4007875.73889902,2976041.16126741
4085,2025-01-01,4016747.64164712,2964654.8193485
4086,2025-01-01,4000637.42163388,2952101.76855477
4087,2025-01-01,3996379.11777823,2955388.53744399
4088,2025-01-01,4019387.24152736,2964694.2310293
4089,2025-01-01,4023239.56687352,2963034.4925492
4090,2025-01-01,4004027.6971556,2955958.0744771
